Date,Energy Source,Renewable Generation [GWh]
2019-01-01,Biomass,32.31
2019-01-01,Geothermal,16.08
2019-01-01,Hydro,67.07
2019-01-01,Photovoltaic,33.86
2019-01-01,Wind,91.38
2019-01-02,Biomass,39.07
2019-01-02,Geothermal,16.03
2019-01-02,Hydro,81.54
2019-01-02,Photovoltaic,30.62
2019-01-02,Wind,82.4
2019-01-03,Biomass,42.96
2019-01-03,Geothermal,16.24
2019-01-03,Hydro,75.97
2019-01-03,Photovoltaic,36.69
2019-01-03,Wind,133.11
2019-01-04,Biomass,44.84
2019-01-04,Geothermal,16.16
2019-01-04,Hydro,87.99
2019-01-04,Photovoltaic,35.56
2019-01-04,Wind,102.39
2019-01-05,Biomass,40.82
2019-01-05,Geothermal,16.05
2019-01-05,Hydro,81.27
2019-01-05,Photovoltaic,29.55
2019-01-05,Wind,80.2
2019-01-06,Biomass,36.84
2019-01-06,Geothermal,16.05
2019-01-06,Hydro,67.82
2019-01-06,Photovoltaic,39.31
2019-01-06,Wind,58.31
2019-01-07,Biomass,51.31
2019-01-07,Geothermal,15.95
2019-01-07,Hydro,98.82
2019-01-07,Photovoltaic,36.82
2019-01-07,Wind,63.62
2019-01-08,Biomass,54.56
2019-01-08,Geothermal,16.08
2019-01-08,Hydro,114.14
2019-01-08,Photovoltaic,22.41
2019-01-08,Wind,71.28
2019-01-09,Biomass,52.41
2019-01-09,Geothermal,16.08
2019-01-09,Hydro,82.42
2019-01-09,Photovoltaic,19.3
2019-01-09,Wind,97.1
2019-01-10,Biomass,54.22
2019-01-10,Geothermal,16.12
2019-01-10,Hydro,92.14
2019-01-10,Photovoltaic,33.27
2019-01-10,Wind,95.25
2019-01-11,Biomass,56.01
2019-01-11,Geothermal,16.08
2019-01-11,Hydro,87.4
2019-01-11,Photovoltaic,39.0
2019-01-11,Wind,43.89
2019-01-12,Biomass,46.0
2019-01-12,Geothermal,16.09
2019-01-12,Hydro,71.58
2019-01-12,Photovoltaic,40.33
2019-01-12,Wind,98.84
2019-01-13,Biomass,40.69
2019-01-13,Geothermal,16.08
2019-01-13,Hydro,67.91
2019-01-13,Photovoltaic,31.72
2019-01-13,Wind,73.53
2019-01-14,Biomass,49.34
2019-01-14,Geothermal,15.86
2019-01-14,Hydro,96.53
2019-01-14,Photovoltaic,33.2
2019-01-14,Wind,110.08
2019-01-15,Biomass,52.92
2019-01-15,Geothermal,16.05
2019-01-15,Hydro,95.54
2019-01-15,Photovoltaic,52.21
2019-01-15,Wind,76.4
2019-01-16,Biomass,54.58
2019-01-16,Geothermal,15.79
2019-01-16,Hydro,93.72
2019-01-16,Photovoltaic,45.22
2019-01-16,Wind,59.56
2019-01-17,Biomass,54.97
2019-01-17,Geothermal,15.84
2019-01-17,Hydro,90.91
2019-01-17,Photovoltaic,26.71
2019-01-17,Wind,58.63
2019-01-18,Biomass,55.04
2019-01-18,Geothermal,15.83
2019-01-18,Hydro,93.93
2019-01-18,Photovoltaic,30.6
2019-01-18,Wind,62.65
2019-01-19,Biomass,48.76
2019-01-19,Geothermal,16.03
2019-01-19,Hydro,81.37
2019-01-19,Photovoltaic,24.38
2019-01-19,Wind,18.63
2019-01-20,Biomass,43.87
2019-01-20,Geothermal,16.0
2019-01-20,Hydro,64.55
2019-01-20,Photovoltaic,29.32
2019-01-20,Wind,9.53
2019-01-21,Biomass,55.1
2019-01-21,Geothermal,16.08
2019-01-21,Hydro,108.0
2019-01-21,Photovoltaic,18.93
2019-01-21,Wind,33.1
2019-01-22,Biomass,56.97
2019-01-22,Geothermal,16.08
2019-01-22,Hydro,106.97
2019-01-22,Photovoltaic,22.63
2019-01-22,Wind,64.36
2019-01-23,Biomass,57.07
2019-01-23,Geothermal,16.08
2019-01-23,Hydro,119.91
2019-01-23,Photovoltaic,24.3
2019-01-23,Wind,47.12
2019-01-24,Biomass,59.97
2019-01-24,Geothermal,16.08
2019-01-24,Hydro,134.6
2019-01-24,Photovoltaic,28.42
2019-01-24,Wind,70.31
2019-01-25,Biomass,53.71
2019-01-25,Geothermal,16.07
2019-01-25,Hydro,89.87
2019-01-25,Photovoltaic,41.58
2019-01-25,Wind,119.77
2019-01-26,Biomass,44.3
2019-01-26,Geothermal,15.99
2019-01-26,Hydro,74.93
2019-01-26,Photovoltaic,42.42
2019-01-26,Wind,101.51
2019-01-27,Biomass,39.86
2019-01-27,Geothermal,15.8
2019-01-27,Hydro,66.69
2019-01-27,Photovoltaic,26.01
2019-01-27,Wind,82.09
2019-01-28,Biomass,49.41
2019-01-28,Geothermal,15.84
2019-01-28,Hydro,91.86
2019-01-28,Photovoltaic,31.68
2019-01-28,Wind,115.36
2019-01-29,Biomass,53.14
2019-01-29,Geothermal,15.76
2019-01-29,Hydro,92.16
2019-01-29,Photovoltaic,49.96
2019-01-29,Wind,25.94
2019-01-30,Biomass,54.93
2019-01-30,Geothermal,15.92
2019-01-30,Hydro,88.76
2019-01-30,Photovoltaic,23.04
2019-01-30,Wind,60.64
2019-01-31,Biomass,51.96
2019-01-31,Geothermal,15.94
2019-01-31,Hydro,98.35
2019-01-31,Photovoltaic,37.1
2019-01-31,Wind,101.24
2019-02-01,Biomass,57.36
2019-02-01,Geothermal,15.54
2019-02-01,Hydro,101.24
2019-02-01,Photovoltaic,14.25
2019-02-01,Wind,122.62
2019-02-02,Biomass,44.29
2019-02-02,Geothermal,15.6
2019-02-02,Hydro,96.12
2019-02-02,Photovoltaic,15.62
2019-02-02,Wind,123.86
2019-02-03,Biomass,38.85
2019-02-03,Geothermal,15.84
2019-02-03,Hydro,96.3
2019-02-03,Photovoltaic,28.72
2019-02-03,Wind,79.84
2019-02-04,Biomass,56.6
2019-02-04,Geothermal,15.84
2019-02-04,Hydro,116.12
2019-02-04,Photovoltaic,40.52
2019-02-04,Wind,83.46
2019-02-05,Biomass,56.8
2019-02-05,Geothermal,15.72
2019-02-05,Hydro,99.36
2019-02-05,Photovoltaic,50.42
2019-02-05,Wind,143.74
2019-02-06,Biomass,53.01
2019-02-06,Geothermal,15.84
2019-02-06,Hydro,112.77
2019-02-06,Photovoltaic,56.43
2019-02-06,Wind,130.85
2019-02-07,Biomass,56.77
2019-02-07,Geothermal,15.8
2019-02-07,Hydro,111.78
2019-02-07,Photovoltaic,55.82
2019-02-07,Wind,42.57
2019-02-08,Biomass,57.25
2019-02-08,Geothermal,15.71
2019-02-08,Hydro,104.2
2019-02-08,Photovoltaic,54.0
2019-02-08,Wind,30.57
2019-02-09,Biomass,47.41
2019-02-09,Geothermal,15.84
2019-02-09,Hydro,100.64
2019-02-09,Photovoltaic,54.39
2019-02-09,Wind,34.55
2019-02-10,Biomass,39.33
2019-02-10,Geothermal,15.84
2019-02-10,Hydro,78.63
2019-02-10,Photovoltaic,34.62
2019-02-10,Wind,89.8
2019-02-11,Biomass,49.57
2019-02-11,Geothermal,15.87
2019-02-11,Hydro,100.5
2019-02-11,Photovoltaic,44.3
2019-02-11,Wind,135.97
2019-02-12,Biomass,49.3
2019-02-12,Geothermal,15.95
2019-02-12,Hydro,103.62
2019-02-12,Photovoltaic,65.22
2019-02-12,Wind,125.11
2019-02-13,Biomass,50.49
2019-02-13,Geothermal,15.91
2019-02-13,Hydro,104.73
2019-02-13,Photovoltaic,65.64
2019-02-13,Wind,137.79
2019-02-14,Biomass,51.35
2019-02-14,Geothermal,15.73
2019-02-14,Hydro,93.01
2019-02-14,Photovoltaic,68.51
2019-02-14,Wind,118.81
2019-02-15,Biomass,50.86
2019-02-15,Geothermal,15.61
2019-02-15,Hydro,90.31
2019-02-15,Photovoltaic,63.22
2019-02-15,Wind,98.71
2019-02-16,Biomass,41.66
2019-02-16,Geothermal,15.84
2019-02-16,Hydro,75.76
2019-02-16,Photovoltaic,69.23
2019-02-16,Wind,50.84
2019-02-17,Biomass,37.6
2019-02-17,Geothermal,15.84
2019-02-17,Hydro,75.88
2019-02-17,Photovoltaic,71.29
2019-02-17,Wind,14.57
2019-02-18,Biomass,52.16
2019-02-18,Geothermal,15.48
2019-02-18,Hydro,95.62
2019-02-18,Photovoltaic,65.07
2019-02-18,Wind,13.65
2019-02-19,Biomass,55.99
2019-02-19,Geothermal,15.45
2019-02-19,Hydro,75.82
2019-02-19,Photovoltaic,52.77
2019-02-19,Wind,17.26
2019-02-20,Biomass,58.74
2019-02-20,Geothermal,15.43
2019-02-20,Hydro,87.1
2019-02-20,Photovoltaic,56.94
2019-02-20,Wind,9.18
2019-02-21,Biomass,58.21
2019-02-21,Geothermal,15.31
2019-02-21,Hydro,83.11
2019-02-21,Photovoltaic,59.94
2019-02-21,Wind,19.53
2019-02-22,Biomass,51.6
2019-02-22,Geothermal,15.34
2019-02-22,Hydro,94.1
2019-02-22,Photovoltaic,59.64
2019-02-22,Wind,65.93
2019-02-23,Biomass,38.32
2019-02-23,Geothermal,15.52
2019-02-23,Hydro,77.04
2019-02-23,Photovoltaic,57.23
2019-02-23,Wind,146.31
2019-02-24,Biomass,35.48
2019-02-24,Geothermal,15.53
2019-02-24,Hydro,65.06
2019-02-24,Photovoltaic,67.41
2019-02-24,Wind,125.9
2019-02-25,Biomass,48.21
2019-02-25,Geothermal,15.47
2019-02-25,Hydro,85.07
2019-02-25,Photovoltaic,66.92
2019-02-25,Wind,109.0
2019-02-26,Biomass,51.01
2019-02-26,Geothermal,15.33
2019-02-26,Hydro,98.53
2019-02-26,Photovoltaic,58.38
2019-02-26,Wind,100.21
2019-02-27,Biomass,49.14
2019-02-27,Geothermal,15.31
2019-02-27,Hydro,82.12
2019-02-27,Photovoltaic,74.34
2019-02-27,Wind,106.9
2019-02-28,Biomass,53.24
2019-02-28,Geothermal,15.36
2019-02-28,Hydro,86.33
2019-02-28,Photovoltaic,75.81
2019-02-28,Wind,51.22
2019-03-01,Biomass,54.55
2019-03-01,Geothermal,15.31
2019-03-01,Hydro,77.82
2019-03-01,Photovoltaic,54.46
2019-03-01,Wind,104.17
2019-03-02,Biomass,44.24
2019-03-02,Geothermal,15.36
2019-03-02,Hydro,69.34
2019-03-02,Photovoltaic,65.0
2019-03-02,Wind,89.64
2019-03-03,Biomass,44.15
2019-03-03,Geothermal,15.38
2019-03-03,Hydro,68.71
2019-03-03,Photovoltaic,76.14
2019-03-03,Wind,21.57
2019-03-04,Biomass,52.08
2019-03-04,Geothermal,15.34
2019-03-04,Hydro,66.43
2019-03-04,Photovoltaic,59.88
2019-03-04,Wind,104.11
2019-03-05,Biomass,56.13
2019-03-05,Geothermal,15.36
2019-03-05,Hydro,77.93
2019-03-05,Photovoltaic,63.84
2019-03-05,Wind,100.52
2019-03-06,Biomass,58.36
2019-03-06,Geothermal,15.33
2019-03-06,Hydro,88.43
2019-03-06,Photovoltaic,68.2
2019-03-06,Wind,49.99
2019-03-07,Biomass,56.27
2019-03-07,Geothermal,15.29
2019-03-07,Hydro,79.74
2019-03-07,Photovoltaic,54.95
2019-03-07,Wind,97.08
2019-03-08,Biomass,56.39
2019-03-08,Geothermal,15.27
2019-03-08,Hydro,78.78
2019-03-08,Photovoltaic,66.45
2019-03-08,Wind,44.86
2019-03-09,Biomass,44.01
2019-03-09,Geothermal,15.61
2019-03-09,Hydro,59.53
2019-03-09,Photovoltaic,78.23
2019-03-09,Wind,69.15
2019-03-10,Biomass,40.75
2019-03-10,Geothermal,15.65
2019-03-10,Hydro,67.13
2019-03-10,Photovoltaic,56.76
2019-03-10,Wind,93.71
2019-03-11,Biomass,49.61
2019-03-11,Geothermal,15.52
2019-03-11,Hydro,76.86
2019-03-11,Photovoltaic,57.81
2019-03-11,Wind,125.99
2019-03-12,Biomass,52.22
2019-03-12,Geothermal,14.1
2019-03-12,Hydro,95.97
2019-03-12,Photovoltaic,80.83
2019-03-12,Wind,127.45
2019-03-13,Biomass,58.41
2019-03-13,Geothermal,15.27
2019-03-13,Hydro,85.9
2019-03-13,Photovoltaic,59.2
2019-03-13,Wind,79.1
2019-03-14,Biomass,56.69
2019-03-14,Geothermal,15.16
2019-03-14,Hydro,81.72
2019-03-14,Photovoltaic,66.05
2019-03-14,Wind,109.33
2019-03-15,Biomass,55.98
2019-03-15,Geothermal,15.52
2019-03-15,Hydro,75.47
2019-03-15,Photovoltaic,83.26
2019-03-15,Wind,77.88
2019-03-16,Biomass,43.94
2019-03-16,Geothermal,15.8
2019-03-16,Hydro,49.76
2019-03-16,Photovoltaic,72.94
2019-03-16,Wind,91.69
2019-03-17,Biomass,46.0
2019-03-17,Geothermal,15.84
2019-03-17,Hydro,56.6
2019-03-17,Photovoltaic,57.31
2019-03-17,Wind,46.32
2019-03-18,Biomass,52.24
2019-03-18,Geothermal,15.84
2019-03-18,Hydro,75.94
2019-03-18,Photovoltaic,63.6
2019-03-18,Wind,66.33
2019-03-19,Biomass,61.17
2019-03-19,Geothermal,15.88
2019-03-19,Hydro,77.68
2019-03-19,Photovoltaic,63.22
2019-03-19,Wind,31.84
2019-03-20,Biomass,58.23
2019-03-20,Geothermal,15.94
2019-03-20,Hydro,58.31
2019-03-20,Photovoltaic,69.62
2019-03-20,Wind,104.62
2019-03-21,Biomass,55.01
2019-03-21,Geothermal,15.92
2019-03-21,Hydro,61.64
2019-03-21,Photovoltaic,86.88
2019-03-21,Wind,125.3
2019-03-22,Biomass,53.25
2019-03-22,Geothermal,14.88
2019-03-22,Hydro,63.72
2019-03-22,Photovoltaic,86.21
2019-03-22,Wind,89.36
2019-03-23,Biomass,42.05
2019-03-23,Geothermal,15.83
2019-03-23,Hydro,61.42
2019-03-23,Photovoltaic,93.64
2019-03-23,Wind,56.55
2019-03-24,Biomass,42.63
2019-03-24,Geothermal,15.82
2019-03-24,Hydro,59.26
2019-03-24,Photovoltaic,93.79
2019-03-24,Wind,27.41
2019-03-25,Biomass,50.06
2019-03-25,Geothermal,15.84
2019-03-25,Hydro,66.63
2019-03-25,Photovoltaic,90.12
2019-03-25,Wind,80.27
2019-03-26,Biomass,53.71
2019-03-26,Geothermal,15.55
2019-03-26,Hydro,72.59
2019-03-26,Photovoltaic,70.01
2019-03-26,Wind,102.26
2019-03-27,Biomass,53.46
2019-03-27,Geothermal,15.99
2019-03-27,Hydro,62.86
2019-03-27,Photovoltaic,66.7
2019-03-27,Wind,85.27
2019-03-28,Biomass,49.92
2019-03-28,Geothermal,16.0
2019-03-28,Hydro,71.66
2019-03-28,Photovoltaic,81.35
2019-03-28,Wind,125.0
2019-03-29,Biomass,47.9
2019-03-29,Geothermal,15.89
2019-03-29,Hydro,75.22
2019-03-29,Photovoltaic,95.9
2019-03-29,Wind,88.15
2019-03-30,Biomass,41.65
2019-03-30,Geothermal,15.93
2019-03-30,Hydro,67.61
2019-03-30,Photovoltaic,96.89
2019-03-30,Wind,57.47
2019-03-31,Biomass,39.31
2019-03-31,Geothermal,15.13
2019-03-31,Hydro,63.05
2019-03-31,Photovoltaic,97.09
2019-03-31,Wind,14.04
2019-04-01,Biomass,57.74
2019-04-01,Geothermal,15.47
2019-04-01,Hydro,85.2
2019-04-01,Photovoltaic,86.86
2019-04-01,Wind,12.33
2019-04-02,Biomass,63.86
2019-04-02,Geothermal,15.26
2019-04-02,Hydro,82.9
2019-04-02,Photovoltaic,64.28
2019-04-02,Wind,19.53
2019-04-03,Biomass,62.79
2019-04-03,Geothermal,15.34
2019-04-03,Hydro,97.67
2019-04-03,Photovoltaic,48.48
2019-04-03,Wind,50.93
2019-04-04,Biomass,61.61
2019-04-04,Geothermal,15.41
2019-04-04,Hydro,102.69
2019-04-04,Photovoltaic,33.48
2019-04-04,Wind,93.55
2019-04-05,Biomass,57.46
2019-04-05,Geothermal,15.57
2019-04-05,Hydro,110.92
2019-04-05,Photovoltaic,57.19
2019-04-05,Wind,63.22
2019-04-06,Biomass,47.73
2019-04-06,Geothermal,15.5
2019-04-06,Hydro,93.38
2019-04-06,Photovoltaic,69.87
2019-04-06,Wind,18.89
2019-04-07,Biomass,45.57
2019-04-07,Geothermal,15.44
2019-04-07,Hydro,89.98
2019-04-07,Photovoltaic,57.08
2019-04-07,Wind,36.21
2019-04-08,Biomass,55.78
2019-04-08,Geothermal,15.45
2019-04-08,Hydro,114.99
2019-04-08,Photovoltaic,70.17
2019-04-08,Wind,60.42
2019-04-09,Biomass,58.94
2019-04-09,Geothermal,15.38
2019-04-09,Hydro,112.52
2019-04-09,Photovoltaic,74.32
2019-04-09,Wind,66.85
2019-04-10,Biomass,56.94
2019-04-10,Geothermal,15.5
2019-04-10,Hydro,118.22
2019-04-10,Photovoltaic,71.52
2019-04-10,Wind,76.72
2019-04-11,Biomass,61.9
2019-04-11,Geothermal,15.66
2019-04-11,Hydro,119.88
2019-04-11,Photovoltaic,47.87
2019-04-11,Wind,34.46
2019-04-12,Biomass,59.22
2019-04-12,Geothermal,16.05
2019-04-12,Hydro,108.26
2019-04-12,Photovoltaic,59.71
2019-04-12,Wind,20.39
2019-04-13,Biomass,49.87
2019-04-13,Geothermal,16.04
2019-04-13,Hydro,95.68
2019-04-13,Photovoltaic,51.34
2019-04-13,Wind,31.04
2019-04-14,Biomass,45.88
2019-04-14,Geothermal,16.04
2019-04-14,Hydro,89.94
2019-04-14,Photovoltaic,54.52
2019-04-14,Wind,35.11
2019-04-15,Biomass,51.03
2019-04-15,Geothermal,16.08
2019-04-15,Hydro,106.33
2019-04-15,Photovoltaic,84.67
2019-04-15,Wind,73.19
2019-04-16,Biomass,56.1
2019-04-16,Geothermal,15.83
2019-04-16,Hydro,108.16
2019-04-16,Photovoltaic,90.29
2019-04-16,Wind,18.67
2019-04-17,Biomass,56.95
2019-04-17,Geothermal,15.63
2019-04-17,Hydro,117.43
2019-04-17,Photovoltaic,96.86
2019-04-17,Wind,15.92
2019-04-18,Biomass,50.45
2019-04-18,Geothermal,15.76
2019-04-18,Hydro,101.77
2019-04-18,Photovoltaic,98.82
2019-04-18,Wind,45.92
2019-04-19,Biomass,44.89
2019-04-19,Geothermal,15.76
2019-04-19,Hydro,103.6
2019-04-19,Photovoltaic,100.99
2019-04-19,Wind,44.47
2019-04-20,Biomass,37.31
2019-04-20,Geothermal,16.05
2019-04-20,Hydro,99.15
2019-04-20,Photovoltaic,99.53
2019-04-20,Wind,57.25
2019-04-21,Biomass,36.36
2019-04-21,Geothermal,16.08
2019-04-21,Hydro,86.49
2019-04-21,Photovoltaic,70.96
2019-04-21,Wind,84.95
2019-04-22,Biomass,35.83
2019-04-22,Geothermal,15.98
2019-04-22,Hydro,95.3
2019-04-22,Photovoltaic,49.35
2019-04-22,Wind,98.48
2019-04-23,Biomass,51.05
2019-04-23,Geothermal,15.8
2019-04-23,Hydro,134.57
2019-04-23,Photovoltaic,37.0
2019-04-23,Wind,73.91
2019-04-24,Biomass,49.54
2019-04-24,Geothermal,15.84
2019-04-24,Hydro,145.44
2019-04-24,Photovoltaic,73.02
2019-04-24,Wind,38.75
2019-04-25,Biomass,41.74
2019-04-25,Geothermal,15.84
2019-04-25,Hydro,146.66
2019-04-25,Photovoltaic,75.02
2019-04-25,Wind,20.5
2019-04-26,Biomass,43.51
2019-04-26,Geothermal,15.84
2019-04-26,Hydro,159.42
2019-04-26,Photovoltaic,68.04
2019-04-26,Wind,47.74
2019-04-27,Biomass,35.76
2019-04-27,Geothermal,15.88
2019-04-27,Hydro,161.18
2019-04-27,Photovoltaic,101.73
2019-04-27,Wind,72.22
2019-04-28,Biomass,35.64
2019-04-28,Geothermal,16.01
2019-04-28,Hydro,140.41
2019-04-28,Photovoltaic,83.93
2019-04-28,Wind,85.99
2019-04-29,Biomass,48.4
2019-04-29,Geothermal,16.08
2019-04-29,Hydro,164.71
2019-04-29,Photovoltaic,67.87
2019-04-29,Wind,66.64
2019-04-30,Biomass,49.59
2019-04-30,Geothermal,16.08
2019-04-30,Hydro,163.01
2019-04-30,Photovoltaic,94.37
2019-04-30,Wind,30.71
2019-05-01,Biomass,43.76
2019-05-01,Geothermal,15.96
2019-05-01,Hydro,140.37
2019-05-01,Photovoltaic,92.77
2019-05-01,Wind,21.5
2019-05-02,Biomass,55.23
2019-05-02,Geothermal,15.89
2019-05-02,Hydro,152.44
2019-05-02,Photovoltaic,98.8
2019-05-02,Wind,26.83
2019-05-03,Biomass,57.62
2019-05-03,Geothermal,15.81
2019-05-03,Hydro,148.56
2019-05-03,Photovoltaic,64.1
2019-05-03,Wind,64.66
2019-05-04,Biomass,49.87
2019-05-04,Geothermal,15.94
2019-05-04,Hydro,138.21
2019-05-04,Photovoltaic,51.64
2019-05-04,Wind,37.3
2019-05-05,Biomass,41.08
2019-05-05,Geothermal,16.06
2019-05-05,Hydro,130.08
2019-05-05,Photovoltaic,53.1
2019-05-05,Wind,105.09
2019-05-06,Biomass,49.64
2019-05-06,Geothermal,15.48
2019-05-06,Hydro,137.53
2019-05-06,Photovoltaic,84.36
2019-05-06,Wind,111.6
2019-05-07,Biomass,54.18
2019-05-07,Geothermal,15.5
2019-05-07,Hydro,145.05
2019-05-07,Photovoltaic,96.28
2019-05-07,Wind,62.23
2019-05-08,Biomass,59.82
2019-05-08,Geothermal,15.48
2019-05-08,Hydro,141.85
2019-05-08,Photovoltaic,66.83
2019-05-08,Wind,38.88
2019-05-09,Biomass,56.44
2019-05-09,Geothermal,15.33
2019-05-09,Hydro,135.94
2019-05-09,Photovoltaic,75.42
2019-05-09,Wind,84.61
2019-05-10,Biomass,56.18
2019-05-10,Geothermal,15.84
2019-05-10,Hydro,136.44
2019-05-10,Photovoltaic,95.68
2019-05-10,Wind,28.94
2019-05-11,Biomass,46.73
2019-05-11,Geothermal,15.88
2019-05-11,Hydro,132.14
2019-05-11,Photovoltaic,81.65
2019-05-11,Wind,29.78
2019-05-12,Biomass,42.26
2019-05-12,Geothermal,15.79
2019-05-12,Hydro,131.82
2019-05-12,Photovoltaic,44.82
2019-05-12,Wind,58.06
2019-05-13,Biomass,57.99
2019-05-13,Geothermal,15.79
2019-05-13,Hydro,160.82
2019-05-13,Photovoltaic,53.07
2019-05-13,Wind,31.34
2019-05-14,Biomass,57.07
2019-05-14,Geothermal,15.83
2019-05-14,Hydro,147.84
2019-05-14,Photovoltaic,72.19
2019-05-14,Wind,68.87
2019-05-15,Biomass,57.72
2019-05-15,Geothermal,15.8
2019-05-15,Hydro,168.0
2019-05-15,Photovoltaic,59.6
2019-05-15,Wind,29.0
2019-05-16,Biomass,54.39
2019-05-16,Geothermal,15.6
2019-05-16,Hydro,147.14
2019-05-16,Photovoltaic,87.85
2019-05-16,Wind,39.4
2019-05-17,Biomass,54.7
2019-05-17,Geothermal,15.88
2019-05-17,Hydro,149.0
2019-05-17,Photovoltaic,89.89
2019-05-17,Wind,27.7
2019-05-18,Biomass,45.23
2019-05-18,Geothermal,15.84
2019-05-18,Hydro,128.65
2019-05-18,Photovoltaic,44.3
2019-05-18,Wind,47.46
2019-05-19,Biomass,39.38
2019-05-19,Geothermal,15.84
2019-05-19,Hydro,134.44
2019-05-19,Photovoltaic,56.17
2019-05-19,Wind,52.12
2019-05-20,Biomass,48.99
2019-05-20,Geothermal,15.83
2019-05-20,Hydro,156.26
2019-05-20,Photovoltaic,67.03
2019-05-20,Wind,81.49
2019-05-21,Biomass,46.06
2019-05-21,Geothermal,15.81
2019-05-21,Hydro,171.39
2019-05-21,Photovoltaic,86.88
2019-05-21,Wind,86.73
2019-05-22,Biomass,45.66
2019-05-22,Geothermal,15.83
2019-05-22,Hydro,168.67
2019-05-22,Photovoltaic,94.09
2019-05-22,Wind,53.3
2019-05-23,Biomass,45.95
2019-05-23,Geothermal,15.73
2019-05-23,Hydro,179.93
2019-05-23,Photovoltaic,98.64
2019-05-23,Wind,32.72
2019-05-24,Biomass,46.22
2019-05-24,Geothermal,15.69
2019-05-24,Hydro,181.15
2019-05-24,Photovoltaic,102.24
2019-05-24,Wind,28.48
2019-05-25,Biomass,35.07
2019-05-25,Geothermal,15.92
2019-05-25,Hydro,171.62
2019-05-25,Photovoltaic,80.78
2019-05-25,Wind,23.07
2019-05-26,Biomass,32.35
2019-05-26,Geothermal,15.9
2019-05-26,Hydro,180.45
2019-05-26,Photovoltaic,37.15
2019-05-26,Wind,72.54
2019-05-27,Biomass,40.83
2019-05-27,Geothermal,15.78
2019-05-27,Hydro,208.32
2019-05-27,Photovoltaic,40.54
2019-05-27,Wind,67.19
2019-05-28,Biomass,40.61
2019-05-28,Geothermal,15.82
2019-05-28,Hydro,201.45
2019-05-28,Photovoltaic,69.0
2019-05-28,Wind,74.63
2019-05-29,Biomass,41.81
2019-05-29,Geothermal,16.08
2019-05-29,Hydro,210.98
2019-05-29,Photovoltaic,62.92
2019-05-29,Wind,87.94
2019-05-30,Biomass,44.68
2019-05-30,Geothermal,16.08
2019-05-30,Hydro,203.56
2019-05-30,Photovoltaic,87.1
2019-05-30,Wind,27.3
2019-05-31,Biomass,40.35
2019-05-31,Geothermal,16.09
2019-05-31,Hydro,207.75
2019-05-31,Photovoltaic,101.78
2019-05-31,Wind,54.07
2019-06-01,Biomass,31.77
2019-06-01,Geothermal,16.13
2019-06-01,Hydro,168.38
2019-06-01,Photovoltaic,100.96
2019-06-01,Wind,53.76
2019-06-02,Biomass,32.32
2019-06-02,Geothermal,15.96
2019-06-02,Hydro,167.43
2019-06-02,Photovoltaic,98.75
2019-06-02,Wind,21.28
2019-06-03,Biomass,39.04
2019-06-03,Geothermal,15.96
2019-06-03,Hydro,190.51
2019-06-03,Photovoltaic,101.74
2019-06-03,Wind,38.99
2019-06-04,Biomass,43.73
2019-06-04,Geothermal,16.05
2019-06-04,Hydro,204.48
2019-06-04,Photovoltaic,101.72
2019-06-04,Wind,20.73
2019-06-05,Biomass,43.35
2019-06-05,Geothermal,16.01
2019-06-05,Hydro,209.79
2019-06-05,Photovoltaic,99.41
2019-06-05,Wind,20.87
2019-06-06,Biomass,42.08
2019-06-06,Geothermal,16.0
2019-06-06,Hydro,216.13
2019-06-06,Photovoltaic,87.38
2019-06-06,Wind,39.8
2019-06-07,Biomass,43.3
2019-06-07,Geothermal,15.98
2019-06-07,Hydro,216.84
2019-06-07,Photovoltaic,98.25
2019-06-07,Wind,34.42
2019-06-08,Biomass,35.77
2019-06-08,Geothermal,15.69
2019-06-08,Hydro,182.74
2019-06-08,Photovoltaic,97.16
2019-06-08,Wind,44.5
2019-06-09,Biomass,34.36
2019-06-09,Geothermal,15.73
2019-06-09,Hydro,186.08
2019-06-09,Photovoltaic,89.09
2019-06-09,Wind,20.6
2019-06-10,Biomass,45.69
2019-06-10,Geothermal,15.68
2019-06-10,Hydro,210.84
2019-06-10,Photovoltaic,80.11
2019-06-10,Wind,13.28
2019-06-11,Biomass,48.27
2019-06-11,Geothermal,15.61
2019-06-11,Hydro,197.88
2019-06-11,Photovoltaic,87.83
2019-06-11,Wind,24.64
2019-06-12,Biomass,48.94
2019-06-12,Geothermal,15.59
2019-06-12,Hydro,202.24
2019-06-12,Photovoltaic,95.96
2019-06-12,Wind,39.3
2019-06-13,Biomass,47.46
2019-06-13,Geothermal,15.78
2019-06-13,Hydro,204.65
2019-06-13,Photovoltaic,105.1
2019-06-13,Wind,23.57
2019-06-14,Biomass,44.42
2019-06-14,Geothermal,15.6
2019-06-14,Hydro,215.19
2019-06-14,Photovoltaic,94.46
2019-06-14,Wind,22.89
2019-06-15,Biomass,39.13
2019-06-15,Geothermal,15.59
2019-06-15,Hydro,187.73
2019-06-15,Photovoltaic,95.56
2019-06-15,Wind,34.83
2019-06-16,Biomass,31.41
2019-06-16,Geothermal,15.42
2019-06-16,Hydro,184.7
2019-06-16,Photovoltaic,107.74
2019-06-16,Wind,38.88
2019-06-17,Biomass,48.94
2019-06-17,Geothermal,15.36
2019-06-17,Hydro,212.22
2019-06-17,Photovoltaic,101.66
2019-06-17,Wind,16.64
2019-06-18,Biomass,55.02
2019-06-18,Geothermal,14.83
2019-06-18,Hydro,223.0
2019-06-18,Photovoltaic,101.25
2019-06-18,Wind,14.33
2019-06-19,Biomass,54.67
2019-06-19,Geothermal,14.53
2019-06-19,Hydro,216.92
2019-06-19,Photovoltaic,101.11
2019-06-19,Wind,9.96
2019-06-20,Biomass,53.76
2019-06-20,Geothermal,14.85
2019-06-20,Hydro,210.35
2019-06-20,Photovoltaic,102.77
2019-06-20,Wind,17.01
2019-06-21,Biomass,59.5
2019-06-21,Geothermal,15.16
2019-06-21,Hydro,199.62
2019-06-21,Photovoltaic,97.69
2019-06-21,Wind,13.04
2019-06-22,Biomass,43.84
2019-06-22,Geothermal,15.66
2019-06-22,Hydro,186.1
2019-06-22,Photovoltaic,69.62
2019-06-22,Wind,36.39
2019-06-23,Biomass,33.65
2019-06-23,Geothermal,15.53
2019-06-23,Hydro,172.65
2019-06-23,Photovoltaic,100.94
2019-06-23,Wind,42.61
2019-06-24,Biomass,49.4
2019-06-24,Geothermal,15.39
2019-06-24,Hydro,203.31
2019-06-24,Photovoltaic,101.39
2019-06-24,Wind,52.38
2019-06-25,Biomass,56.31
2019-06-25,Geothermal,15.41
2019-06-25,Hydro,208.26
2019-06-25,Photovoltaic,101.52
2019-06-25,Wind,73.47
2019-06-26,Biomass,60.44
2019-06-26,Geothermal,15.46
2019-06-26,Hydro,225.09
2019-06-26,Photovoltaic,100.4
2019-06-26,Wind,60.5
2019-06-27,Biomass,66.47
2019-06-27,Geothermal,15.71
2019-06-27,Hydro,210.84
2019-06-27,Photovoltaic,99.29
2019-06-27,Wind,43.35
2019-06-28,Biomass,66.93
2019-06-28,Geothermal,15.52
2019-06-28,Hydro,225.74
2019-06-28,Photovoltaic,99.55
2019-06-28,Wind,34.42
2019-06-29,Biomass,47.0
2019-06-29,Geothermal,15.66
2019-06-29,Hydro,190.22
2019-06-29,Photovoltaic,104.06
2019-06-29,Wind,65.32
2019-06-30,Biomass,42.08
2019-06-30,Geothermal,15.88
2019-06-30,Hydro,183.34
2019-06-30,Photovoltaic,106.36
2019-06-30,Wind,25.08
2019-07-01,Biomass,50.04
2019-07-01,Geothermal,15.66
2019-07-01,Hydro,218.41
2019-07-01,Photovoltaic,99.25
2019-07-01,Wind,6.8
2019-07-02,Biomass,52.95
2019-07-02,Geothermal,15.62
2019-07-02,Hydro,220.23
2019-07-02,Photovoltaic,99.41
2019-07-02,Wind,10.16
2019-07-03,Biomass,56.31
2019-07-03,Geothermal,15.6
2019-07-03,Hydro,193.06
2019-07-03,Photovoltaic,97.75
2019-07-03,Wind,14.74
2019-07-04,Biomass,54.11
2019-07-04,Geothermal,15.33
2019-07-04,Hydro,208.74
2019-07-04,Photovoltaic,99.64
2019-07-04,Wind,16.44
2019-07-05,Biomass,55.78
2019-07-05,Geothermal,15.22
2019-07-05,Hydro,191.23
2019-07-05,Photovoltaic,100.5
2019-07-05,Wind,12.58
2019-07-06,Biomass,43.63
2019-07-06,Geothermal,15.09
2019-07-06,Hydro,174.03
2019-07-06,Photovoltaic,98.05
2019-07-06,Wind,25.33
2019-07-07,Biomass,37.94
2019-07-07,Geothermal,14.61
2019-07-07,Hydro,162.55
2019-07-07,Photovoltaic,85.61
2019-07-07,Wind,72.49
2019-07-08,Biomass,52.95
2019-07-08,Geothermal,14.83
2019-07-08,Hydro,192.65
2019-07-08,Photovoltaic,90.77
2019-07-08,Wind,51.59
2019-07-09,Biomass,54.91
2019-07-09,Geothermal,15.21
2019-07-09,Hydro,190.36
2019-07-09,Photovoltaic,72.84
2019-07-09,Wind,60.32
2019-07-10,Biomass,51.65
2019-07-10,Geothermal,15.07
2019-07-10,Hydro,180.07
2019-07-10,Photovoltaic,78.63
2019-07-10,Wind,73.43
2019-07-11,Biomass,48.54
2019-07-11,Geothermal,15.42
2019-07-11,Hydro,179.92
2019-07-11,Photovoltaic,85.53
2019-07-11,Wind,57.73
2019-07-12,Biomass,50.29
2019-07-12,Geothermal,15.22
2019-07-12,Hydro,172.5
2019-07-12,Photovoltaic,93.67
2019-07-12,Wind,25.19
2019-07-13,Biomass,40.1
2019-07-13,Geothermal,15.76
2019-07-13,Hydro,145.77
2019-07-13,Photovoltaic,91.97
2019-07-13,Wind,61.36
2019-07-14,Biomass,33.6
2019-07-14,Geothermal,15.9
2019-07-14,Hydro,123.8
2019-07-14,Photovoltaic,103.64
2019-07-14,Wind,55.89
2019-07-15,Biomass,45.84
2019-07-15,Geothermal,15.75
2019-07-15,Hydro,168.18
2019-07-15,Photovoltaic,47.79
2019-07-15,Wind,37.21
2019-07-16,Biomass,43.82
2019-07-16,Geothermal,15.91
2019-07-16,Hydro,150.41
2019-07-16,Photovoltaic,92.52
2019-07-16,Wind,80.3
2019-07-17,Biomass,48.63
2019-07-17,Geothermal,15.94
2019-07-17,Hydro,155.01
2019-07-17,Photovoltaic,102.68
2019-07-17,Wind,49.57
2019-07-18,Biomass,52.78
2019-07-18,Geothermal,15.92
2019-07-18,Hydro,154.5
2019-07-18,Photovoltaic,90.66
2019-07-18,Wind,14.15
2019-07-19,Biomass,48.44
2019-07-19,Geothermal,15.85
2019-07-19,Hydro,176.86
2019-07-19,Photovoltaic,98.71
2019-07-19,Wind,10.83
2019-07-20,Biomass,40.28
2019-07-20,Geothermal,15.68
2019-07-20,Hydro,129.71
2019-07-20,Photovoltaic,102.02
2019-07-20,Wind,6.3
2019-07-21,Biomass,37.27
2019-07-21,Geothermal,15.76
2019-07-21,Hydro,119.96
2019-07-21,Photovoltaic,103.46
2019-07-21,Wind,8.75
2019-07-22,Biomass,48.93
2019-07-22,Geothermal,15.72
2019-07-22,Hydro,161.94
2019-07-22,Photovoltaic,96.01
2019-07-22,Wind,26.35
2019-07-23,Biomass,53.01
2019-07-23,Geothermal,15.55
2019-07-23,Hydro,164.92
2019-07-23,Photovoltaic,100.12
2019-07-23,Wind,56.5
2019-07-24,Biomass,55.7
2019-07-24,Geothermal,15.46
2019-07-24,Hydro,177.18
2019-07-24,Photovoltaic,99.73
2019-07-24,Wind,36.08
2019-07-25,Biomass,59.38
2019-07-25,Geothermal,15.57
2019-07-25,Hydro,175.93
2019-07-25,Photovoltaic,98.72
2019-07-25,Wind,14.91
2019-07-26,Biomass,59.18
2019-07-26,Geothermal,15.61
2019-07-26,Hydro,172.54
2019-07-26,Photovoltaic,98.5
2019-07-26,Wind,16.28
2019-07-27,Biomass,44.3
2019-07-27,Geothermal,15.16
2019-07-27,Hydro,148.16
2019-07-27,Photovoltaic,75.72
2019-07-27,Wind,60.97
2019-07-28,Biomass,34.45
2019-07-28,Geothermal,15.39
2019-07-28,Hydro,136.97
2019-07-28,Photovoltaic,63.48
2019-07-28,Wind,123.6
2019-07-29,Biomass,48.4
2019-07-29,Geothermal,15.5
2019-07-29,Hydro,161.5
2019-07-29,Photovoltaic,93.94
2019-07-29,Wind,86.51
2019-07-30,Biomass,50.74
2019-07-30,Geothermal,15.13
2019-07-30,Hydro,157.59
2019-07-30,Photovoltaic,99.85
2019-07-30,Wind,39.61
2019-07-31,Biomass,52.72
2019-07-31,Geothermal,15.26
2019-07-31,Hydro,181.16
2019-07-31,Photovoltaic,97.2
2019-07-31,Wind,28.21
2019-08-01,Biomass,59.1
2019-08-01,Geothermal,15.71
2019-08-01,Hydro,157.95
2019-08-01,Photovoltaic,94.37
2019-08-01,Wind,25.0
2019-08-02,Biomass,54.21
2019-08-02,Geothermal,15.59
2019-08-02,Hydro,157.2
2019-08-02,Photovoltaic,79.55
2019-08-02,Wind,38.73
2019-08-03,Biomass,43.01
2019-08-03,Geothermal,15.72
2019-08-03,Hydro,121.9
2019-08-03,Photovoltaic,99.75
2019-08-03,Wind,52.01
2019-08-04,Biomass,38.0
2019-08-04,Geothermal,15.74
2019-08-04,Hydro,120.73
2019-08-04,Photovoltaic,98.97
2019-08-04,Wind,33.17
2019-08-05,Biomass,48.56
2019-08-05,Geothermal,15.72
2019-08-05,Hydro,150.02
2019-08-05,Photovoltaic,97.49
2019-08-05,Wind,17.77
2019-08-06,Biomass,50.65
2019-08-06,Geothermal,15.48
2019-08-06,Hydro,147.95
2019-08-06,Photovoltaic,92.4
2019-08-06,Wind,19.83
2019-08-07,Biomass,48.28
2019-08-07,Geothermal,15.71
2019-08-07,Hydro,160.57
2019-08-07,Photovoltaic,82.64
2019-08-07,Wind,39.05
2019-08-08,Biomass,48.74
2019-08-08,Geothermal,15.48
2019-08-08,Hydro,152.0
2019-08-08,Photovoltaic,81.94
2019-08-08,Wind,30.76
2019-08-09,Biomass,47.08
2019-08-09,Geothermal,15.67
2019-08-09,Hydro,163.39
2019-08-09,Photovoltaic,93.02
2019-08-09,Wind,31.51
2019-08-10,Biomass,47.29
2019-08-10,Geothermal,15.73
2019-08-10,Hydro,144.38
2019-08-10,Photovoltaic,94.61
2019-08-10,Wind,12.18
2019-08-11,Biomass,45.6
2019-08-11,Geothermal,15.62
2019-08-11,Hydro,141.04
2019-08-11,Photovoltaic,95.04
2019-08-11,Wind,14.44
2019-08-12,Biomass,46.1
2019-08-12,Geothermal,15.53
2019-08-12,Hydro,158.2
2019-08-12,Photovoltaic,75.49
2019-08-12,Wind,10.56
2019-08-13,Biomass,41.27
2019-08-13,Geothermal,15.5
2019-08-13,Hydro,143.62
2019-08-13,Photovoltaic,86.46
2019-08-13,Wind,25.99
2019-08-14,Biomass,35.34
2019-08-14,Geothermal,15.48
2019-08-14,Hydro,140.56
2019-08-14,Photovoltaic,88.42
2019-08-14,Wind,82.67
2019-08-15,Biomass,36.22
2019-08-15,Geothermal,15.66
2019-08-15,Hydro,117.78
2019-08-15,Photovoltaic,93.94
2019-08-15,Wind,63.43
2019-08-16,Biomass,38.8
2019-08-16,Geothermal,15.75
2019-08-16,Hydro,123.4
2019-08-16,Photovoltaic,97.96
2019-08-16,Wind,29.25
2019-08-17,Biomass,41.63
2019-08-17,Geothermal,15.73
2019-08-17,Hydro,115.28
2019-08-17,Photovoltaic,90.97
2019-08-17,Wind,17.9
2019-08-18,Biomass,40.7
2019-08-18,Geothermal,15.75
2019-08-18,Hydro,115.14
2019-08-18,Photovoltaic,93.46
2019-08-18,Wind,9.6
2019-08-19,Biomass,47.33
2019-08-19,Geothermal,15.73
2019-08-19,Hydro,138.48
2019-08-19,Photovoltaic,92.65
2019-08-19,Wind,6.94
2019-08-20,Biomass,51.0
2019-08-20,Geothermal,15.67
2019-08-20,Hydro,136.56
2019-08-20,Photovoltaic,88.8
2019-08-20,Wind,8.51
2019-08-21,Biomass,51.85
2019-08-21,Geothermal,15.52
2019-08-21,Hydro,143.91
2019-08-21,Photovoltaic,85.95
2019-08-21,Wind,8.47
2019-08-22,Biomass,51.99
2019-08-22,Geothermal,15.58
2019-08-22,Hydro,141.57
2019-08-22,Photovoltaic,74.39
2019-08-22,Wind,15.66
2019-08-23,Biomass,51.04
2019-08-23,Geothermal,15.63
2019-08-23,Hydro,139.59
2019-08-23,Photovoltaic,65.82
2019-08-23,Wind,28.42
2019-08-24,Biomass,47.56
2019-08-24,Geothermal,15.68
2019-08-24,Hydro,124.33
2019-08-24,Photovoltaic,78.14
2019-08-24,Wind,17.54
2019-08-25,Biomass,46.86
2019-08-25,Geothermal,15.69
2019-08-25,Hydro,114.18
2019-08-25,Photovoltaic,88.66
2019-08-25,Wind,12.84
2019-08-26,Biomass,57.19
2019-08-26,Geothermal,15.59
2019-08-26,Hydro,152.74
2019-08-26,Photovoltaic,85.08
2019-08-26,Wind,9.46
2019-08-27,Biomass,61.51
2019-08-27,Geothermal,15.45
2019-08-27,Hydro,162.88
2019-08-27,Photovoltaic,84.31
2019-08-27,Wind,9.24
2019-08-28,Biomass,65.36
2019-08-28,Geothermal,15.39
2019-08-28,Hydro,164.69
2019-08-28,Photovoltaic,63.5
2019-08-28,Wind,10.46
2019-08-29,Biomass,66.57
2019-08-29,Geothermal,15.49
2019-08-29,Hydro,147.59
2019-08-29,Photovoltaic,78.71
2019-08-29,Wind,10.76
2019-08-30,Biomass,67.17
2019-08-30,Geothermal,15.49
2019-08-30,Hydro,142.08
2019-08-30,Photovoltaic,81.7
2019-08-30,Wind,10.7
2019-08-31,Biomass,53.28
2019-08-31,Geothermal,15.36
2019-08-31,Hydro,126.84
2019-08-31,Photovoltaic,76.62
2019-08-31,Wind,11.15
2019-09-01,Biomass,46.22
2019-09-01,Geothermal,15.68
2019-09-01,Hydro,125.67
2019-09-01,Photovoltaic,71.66
2019-09-01,Wind,8.28
2019-09-02,Biomass,57.37
2019-09-02,Geothermal,15.68
2019-09-02,Hydro,154.12
2019-09-02,Photovoltaic,61.24
2019-09-02,Wind,9.68
2019-09-03,Biomass,57.72
2019-09-03,Geothermal,15.76
2019-09-03,Hydro,131.78
2019-09-03,Photovoltaic,77.42
2019-09-03,Wind,48.25
2019-09-04,Biomass,54.88
2019-09-04,Geothermal,15.9
2019-09-04,Hydro,125.02
2019-09-04,Photovoltaic,83.63
2019-09-04,Wind,60.61
2019-09-05,Biomass,58.69
2019-09-05,Geothermal,15.88
2019-09-05,Hydro,134.71
2019-09-05,Photovoltaic,80.29
2019-09-05,Wind,19.46
2019-09-06,Biomass,57.93
2019-09-06,Geothermal,15.89
2019-09-06,Hydro,139.18
2019-09-06,Photovoltaic,56.46
2019-09-06,Wind,30.26
2019-09-07,Biomass,43.71
2019-09-07,Geothermal,15.88
2019-09-07,Hydro,111.35
2019-09-07,Photovoltaic,79.2
2019-09-07,Wind,29.04
2019-09-08,Biomass,37.21
2019-09-08,Geothermal,15.96
2019-09-08,Hydro,105.36
2019-09-08,Photovoltaic,67.65
2019-09-08,Wind,52.48
2019-09-09,Biomass,50.6
2019-09-09,Geothermal,15.93
2019-09-09,Hydro,134.81
2019-09-09,Photovoltaic,87.56
2019-09-09,Wind,60.71
2019-09-10,Biomass,55.42
2019-09-10,Geothermal,15.69
2019-09-10,Hydro,136.21
2019-09-10,Photovoltaic,72.38
2019-09-10,Wind,21.08
2019-09-11,Biomass,55.39
2019-09-11,Geothermal,15.81
2019-09-11,Hydro,127.91
2019-09-11,Photovoltaic,82.16
2019-09-11,Wind,33.02
2019-09-12,Biomass,55.58
2019-09-12,Geothermal,15.79
2019-09-12,Hydro,129.12
2019-09-12,Photovoltaic,88.9
2019-09-12,Wind,56.42
2019-09-13,Biomass,56.74
2019-09-13,Geothermal,15.82
2019-09-13,Hydro,118.8
2019-09-13,Photovoltaic,88.85
2019-09-13,Wind,72.22
2019-09-14,Biomass,40.93
2019-09-14,Geothermal,15.73
2019-09-14,Hydro,98.36
2019-09-14,Photovoltaic,86.81
2019-09-14,Wind,53.7
2019-09-15,Biomass,37.45
2019-09-15,Geothermal,15.7
2019-09-15,Hydro,98.85
2019-09-15,Photovoltaic,78.65
2019-09-15,Wind,24.97
2019-09-16,Biomass,50.26
2019-09-16,Geothermal,15.53
2019-09-16,Hydro,137.16
2019-09-16,Photovoltaic,82.41
2019-09-16,Wind,7.02
2019-09-17,Biomass,51.51
2019-09-17,Geothermal,15.49
2019-09-17,Hydro,133.43
2019-09-17,Photovoltaic,77.87
2019-09-17,Wind,22.66
2019-09-18,Biomass,52.7
2019-09-18,Geothermal,15.45
2019-09-18,Hydro,147.5
2019-09-18,Photovoltaic,62.63
2019-09-18,Wind,21.94
2019-09-19,Biomass,53.58
2019-09-19,Geothermal,15.42
2019-09-19,Hydro,144.05
2019-09-19,Photovoltaic,47.33
2019-09-19,Wind,24.15
2019-09-20,Biomass,48.44
2019-09-20,Geothermal,15.66
2019-09-20,Hydro,115.67
2019-09-20,Photovoltaic,75.56
2019-09-20,Wind,70.41
2019-09-21,Biomass,38.16
2019-09-21,Geothermal,15.73
2019-09-21,Hydro,85.08
2019-09-21,Photovoltaic,82.21
2019-09-21,Wind,33.36
2019-09-22,Biomass,37.45
2019-09-22,Geothermal,15.5
2019-09-22,Hydro,80.49
2019-09-22,Photovoltaic,33.15
2019-09-22,Wind,34.61
2019-09-23,Biomass,45.36
2019-09-23,Geothermal,15.45
2019-09-23,Hydro,134.22
2019-09-23,Photovoltaic,44.03
2019-09-23,Wind,79.79
2019-09-24,Biomass,49.5
2019-09-24,Geothermal,15.4
2019-09-24,Hydro,124.5
2019-09-24,Photovoltaic,75.49
2019-09-24,Wind,58.26
2019-09-25,Biomass,52.48
2019-09-25,Geothermal,15.6
2019-09-25,Hydro,124.71
2019-09-25,Photovoltaic,59.96
2019-09-25,Wind,53.5
2019-09-26,Biomass,50.49
2019-09-26,Geothermal,14.92
2019-09-26,Hydro,111.66
2019-09-26,Photovoltaic,66.33
2019-09-26,Wind,48.63
2019-09-27,Biomass,50.1
2019-09-27,Geothermal,15.57
2019-09-27,Hydro,123.14
2019-09-27,Photovoltaic,66.79
2019-09-27,Wind,17.16
2019-09-28,Biomass,42.3
2019-09-28,Geothermal,15.43
2019-09-28,Hydro,86.86
2019-09-28,Photovoltaic,69.88
2019-09-28,Wind,38.77
2019-09-29,Biomass,37.78
2019-09-29,Geothermal,15.6
2019-09-29,Hydro,61.42
2019-09-29,Photovoltaic,75.81
2019-09-29,Wind,33.62
2019-09-30,Biomass,44.24
2019-09-30,Geothermal,15.38
2019-09-30,Hydro,104.06
2019-09-30,Photovoltaic,74.87
2019-09-30,Wind,64.66
2019-10-01,Biomass,50.92
2019-10-01,Geothermal,14.72
2019-10-01,Hydro,118.78
2019-10-01,Photovoltaic,66.07
2019-10-01,Wind,16.13
2019-10-02,Biomass,49.08
2019-10-02,Geothermal,14.92
2019-10-02,Hydro,113.8
2019-10-02,Photovoltaic,55.2
2019-10-02,Wind,72.9
2019-10-03,Biomass,50.17
2019-10-03,Geothermal,15.16
2019-10-03,Hydro,93.84
2019-10-03,Photovoltaic,55.04
2019-10-03,Wind,66.44
2019-10-04,Biomass,47.59
2019-10-04,Geothermal,15.48
2019-10-04,Hydro,117.96
2019-10-04,Photovoltaic,69.52
2019-10-04,Wind,92.59
2019-10-05,Biomass,42.24
2019-10-05,Geothermal,15.71
2019-10-05,Hydro,58.96
2019-10-05,Photovoltaic,67.75
2019-10-05,Wind,60.04
2019-10-06,Biomass,38.99
2019-10-06,Geothermal,15.8
2019-10-06,Hydro,51.11
2019-10-06,Photovoltaic,58.81
2019-10-06,Wind,31.28
2019-10-07,Biomass,47.48
2019-10-07,Geothermal,15.78
2019-10-07,Hydro,88.42
2019-10-07,Photovoltaic,48.92
2019-10-07,Wind,61.6
2019-10-08,Biomass,50.4
2019-10-08,Geothermal,15.93
2019-10-08,Hydro,106.97
2019-10-08,Photovoltaic,74.32
2019-10-08,Wind,79.69
2019-10-09,Biomass,56.08
2019-10-09,Geothermal,15.93
2019-10-09,Hydro,83.3
2019-10-09,Photovoltaic,55.36
2019-10-09,Wind,38.98
2019-10-10,Biomass,55.61
2019-10-10,Geothermal,15.81
2019-10-10,Hydro,80.05
2019-10-10,Photovoltaic,58.75
2019-10-10,Wind,44.97
2019-10-11,Biomass,54.62
2019-10-11,Geothermal,15.47
2019-10-11,Hydro,94.32
2019-10-11,Photovoltaic,68.95
2019-10-11,Wind,21.78
2019-10-12,Biomass,45.43
2019-10-12,Geothermal,15.72
2019-10-12,Hydro,52.74
2019-10-12,Photovoltaic,62.09
2019-10-12,Wind,8.46
2019-10-13,Biomass,41.24
2019-10-13,Geothermal,15.67
2019-10-13,Hydro,50.61
2019-10-13,Photovoltaic,54.23
2019-10-13,Wind,9.05
2019-10-14,Biomass,49.52
2019-10-14,Geothermal,15.42
2019-10-14,Hydro,84.53
2019-10-14,Photovoltaic,54.26
2019-10-14,Wind,10.38
2019-10-15,Biomass,50.58
2019-10-15,Geothermal,15.41
2019-10-15,Hydro,100.49
2019-10-15,Photovoltaic,40.14
2019-10-15,Wind,40.01
2019-10-16,Biomass,47.08
2019-10-16,Geothermal,15.7
2019-10-16,Hydro,99.39
2019-10-16,Photovoltaic,66.5
2019-10-16,Wind,50.04
2019-10-17,Biomass,50.8
2019-10-17,Geothermal,15.6
2019-10-17,Hydro,96.48
2019-10-17,Photovoltaic,62.49
2019-10-17,Wind,9.73
2019-10-18,Biomass,51.53
2019-10-18,Geothermal,15.63
2019-10-18,Hydro,102.38
2019-10-18,Photovoltaic,49.37
2019-10-18,Wind,5.41
2019-10-19,Biomass,43.41
2019-10-19,Geothermal,15.6
2019-10-19,Hydro,73.2
2019-10-19,Photovoltaic,51.87
2019-10-19,Wind,16.75
2019-10-20,Biomass,37.48
2019-10-20,Geothermal,15.51
2019-10-20,Hydro,91.59
2019-10-20,Photovoltaic,46.97
2019-10-20,Wind,30.75
2019-10-21,Biomass,50.44
2019-10-21,Geothermal,15.4
2019-10-21,Hydro,110.86
2019-10-21,Photovoltaic,53.79
2019-10-21,Wind,10.2
2019-10-22,Biomass,55.2
2019-10-22,Geothermal,15.29
2019-10-22,Hydro,114.57
2019-10-22,Photovoltaic,50.52
2019-10-22,Wind,25.73
2019-10-23,Biomass,54.73
2019-10-23,Geothermal,15.3
2019-10-23,Hydro,116.12
2019-10-23,Photovoltaic,55.57
2019-10-23,Wind,42.06
2019-10-24,Biomass,58.78
2019-10-24,Geothermal,15.33
2019-10-24,Hydro,120.98
2019-10-24,Photovoltaic,28.86
2019-10-24,Wind,37.82
2019-10-25,Biomass,55.06
2019-10-25,Geothermal,15.51
2019-10-25,Hydro,118.54
2019-10-25,Photovoltaic,49.01
2019-10-25,Wind,34.33
2019-10-26,Biomass,43.57
2019-10-26,Geothermal,15.49
2019-10-26,Hydro,100.17
2019-10-26,Photovoltaic,61.72
2019-10-26,Wind,40.88
2019-10-27,Biomass,44.09
2019-10-27,Geothermal,16.19
2019-10-27,Hydro,93.52
2019-10-27,Photovoltaic,62.42
2019-10-27,Wind,12.57
2019-10-28,Biomass,56.57
2019-10-28,Geothermal,15.56
2019-10-28,Hydro,124.66
2019-10-28,Photovoltaic,45.37
2019-10-28,Wind,9.26
2019-10-29,Biomass,59.7
2019-10-29,Geothermal,15.56
2019-10-29,Hydro,121.76
2019-10-29,Photovoltaic,36.4
2019-10-29,Wind,18.05
2019-10-30,Biomass,60.17
2019-10-30,Geothermal,15.55
2019-10-30,Hydro,115.1
2019-10-30,Photovoltaic,28.79
2019-10-30,Wind,13.37
2019-10-31,Biomass,57.19
2019-10-31,Geothermal,15.83
2019-10-31,Hydro,112.33
2019-10-31,Photovoltaic,27.85
2019-10-31,Wind,13.65
2019-11-01,Biomass,44.84
2019-11-01,Geothermal,15.82
2019-11-01,Hydro,88.07
2019-11-01,Photovoltaic,27.94
2019-11-01,Wind,11.73
2019-11-02,Biomass,38.78
2019-11-02,Geothermal,15.63
2019-11-02,Hydro,99.91
2019-11-02,Photovoltaic,24.56
2019-11-02,Wind,58.79
2019-11-03,Biomass,33.75
2019-11-03,Geothermal,15.72
2019-11-03,Hydro,105.3
2019-11-03,Photovoltaic,19.91
2019-11-03,Wind,122.87
2019-11-04,Biomass,43.63
2019-11-04,Geothermal,15.83
2019-11-04,Hydro,134.23
2019-11-04,Photovoltaic,58.12
2019-11-04,Wind,114.16
2019-11-05,Biomass,48.84
2019-11-05,Geothermal,15.5
2019-11-05,Hydro,155.61
2019-11-05,Photovoltaic,33.81
2019-11-05,Wind,123.09
2019-11-06,Biomass,54.44
2019-11-06,Geothermal,15.95
2019-11-06,Hydro,176.41
2019-11-06,Photovoltaic,28.56
2019-11-06,Wind,72.06
2019-11-07,Biomass,53.25
2019-11-07,Geothermal,15.87
2019-11-07,Hydro,156.48
2019-11-07,Photovoltaic,36.88
2019-11-07,Wind,30.29
2019-11-08,Biomass,51.37
2019-11-08,Geothermal,16.04
2019-11-08,Hydro,165.41
2019-11-08,Photovoltaic,29.38
2019-11-08,Wind,81.46
2019-11-09,Biomass,38.15
2019-11-09,Geothermal,16.11
2019-11-09,Hydro,145.29
2019-11-09,Photovoltaic,41.84
2019-11-09,Wind,62.5
2019-11-10,Biomass,36.48
2019-11-10,Geothermal,16.08
2019-11-10,Hydro,125.62
2019-11-10,Photovoltaic,49.23
2019-11-10,Wind,54.6
2019-11-11,Biomass,51.14
2019-11-11,Geothermal,15.87
2019-11-11,Hydro,154.72
2019-11-11,Photovoltaic,18.65
2019-11-11,Wind,53.96
2019-11-12,Biomass,49.08
2019-11-12,Geothermal,16.07
2019-11-12,Hydro,166.09
2019-11-12,Photovoltaic,12.71
2019-11-12,Wind,110.82
2019-11-13,Biomass,53.3
2019-11-13,Geothermal,15.96
2019-11-13,Hydro,167.6
2019-11-13,Photovoltaic,42.9
2019-11-13,Wind,98.36
2019-11-14,Biomass,57.19
2019-11-14,Geothermal,15.99
2019-11-14,Hydro,163.41
2019-11-14,Photovoltaic,32.36
2019-11-14,Wind,30.15
2019-11-15,Biomass,54.49
2019-11-15,Geothermal,15.9
2019-11-15,Hydro,166.4
2019-11-15,Photovoltaic,20.4
2019-11-15,Wind,102.37
2019-11-16,Biomass,43.92
2019-11-16,Geothermal,16.08
2019-11-16,Hydro,152.43
2019-11-16,Photovoltaic,19.24
2019-11-16,Wind,100.88
2019-11-17,Biomass,38.84
2019-11-17,Geothermal,16.01
2019-11-17,Hydro,144.94
2019-11-17,Photovoltaic,19.9
2019-11-17,Wind,111.3
2019-11-18,Biomass,53.07
2019-11-18,Geothermal,15.31
2019-11-18,Hydro,182.72
2019-11-18,Photovoltaic,34.22
2019-11-18,Wind,69.99
2019-11-19,Biomass,60.9
2019-11-19,Geothermal,14.9
2019-11-19,Hydro,197.8
2019-11-19,Photovoltaic,14.81
2019-11-19,Wind,35.71
2019-11-20,Biomass,57.96
2019-11-20,Geothermal,14.77
2019-11-20,Hydro,175.37
2019-11-20,Photovoltaic,35.09
2019-11-20,Wind,56.14
2019-11-21,Biomass,59.55
2019-11-21,Geothermal,15.12
2019-11-21,Hydro,177.01
2019-11-21,Photovoltaic,24.68
2019-11-21,Wind,32.85
2019-11-22,Biomass,55.21
2019-11-22,Geothermal,15.12
2019-11-22,Hydro,172.18
2019-11-22,Photovoltaic,30.31
2019-11-22,Wind,29.18
2019-11-23,Biomass,43.4
2019-11-23,Geothermal,14.95
2019-11-23,Hydro,152.26
2019-11-23,Photovoltaic,21.14
2019-11-23,Wind,80.78
2019-11-24,Biomass,42.76
2019-11-24,Geothermal,15.0
2019-11-24,Hydro,143.52
2019-11-24,Photovoltaic,11.59
2019-11-24,Wind,79.08
2019-11-25,Biomass,56.7
2019-11-25,Geothermal,15.01
2019-11-25,Hydro,190.02
2019-11-25,Photovoltaic,32.33
2019-11-25,Wind,50.78
2019-11-26,Biomass,56.09
2019-11-26,Geothermal,15.01
2019-11-26,Hydro,172.87
2019-11-26,Photovoltaic,41.94
2019-11-26,Wind,40.58
2019-11-27,Biomass,53.82
2019-11-27,Geothermal,14.98
2019-11-27,Hydro,172.24
2019-11-27,Photovoltaic,21.28
2019-11-27,Wind,84.1
2019-11-28,Biomass,51.21
2019-11-28,Geothermal,15.02
2019-11-28,Hydro,180.41
2019-11-28,Photovoltaic,20.03
2019-11-28,Wind,114.79
2019-11-29,Biomass,52.39
2019-11-29,Geothermal,15.06
2019-11-29,Hydro,181.02
2019-11-29,Photovoltaic,27.45
2019-11-29,Wind,115.34
2019-11-30,Biomass,44.33
2019-11-30,Geothermal,15.12
2019-11-30,Hydro,153.85
2019-11-30,Photovoltaic,40.4
2019-11-30,Wind,44.1
2019-12-01,Biomass,45.61
2019-12-01,Geothermal,15.12
2019-12-01,Hydro,133.03
2019-12-01,Photovoltaic,27.6
2019-12-01,Wind,39.59
2019-12-02,Biomass,62.95
2019-12-02,Geothermal,14.91
2019-12-02,Hydro,174.34
2019-12-02,Photovoltaic,17.34
2019-12-02,Wind,62.18
2019-12-03,Biomass,69.5
2019-12-03,Geothermal,15.11
2019-12-03,Hydro,190.8
2019-12-03,Photovoltaic,33.41
2019-12-03,Wind,67.37
2019-12-04,Biomass,68.38
2019-12-04,Geothermal,14.9
2019-12-04,Hydro,175.55
2019-12-04,Photovoltaic,39.43
2019-12-04,Wind,96.23
2019-12-05,Biomass,72.71
2019-12-05,Geothermal,15.11
2019-12-05,Hydro,179.07
2019-12-05,Photovoltaic,26.51
2019-12-05,Wind,31.7
2019-12-06,Biomass,69.96
2019-12-06,Geothermal,14.32
2019-12-06,Hydro,154.89
2019-12-06,Photovoltaic,21.26
2019-12-06,Wind,12.5
2019-12-07,Biomass,49.33
2019-12-07,Geothermal,13.68
2019-12-07,Hydro,142.3
2019-12-07,Photovoltaic,38.98
2019-12-07,Wind,59.9
2019-12-08,Biomass,44.73
2019-12-08,Geothermal,13.68
2019-12-08,Hydro,110.42
2019-12-08,Photovoltaic,31.03
2019-12-08,Wind,20.97
2019-12-09,Biomass,59.54
2019-12-09,Geothermal,13.4
2019-12-09,Hydro,137.43
2019-12-09,Photovoltaic,20.72
2019-12-09,Wind,84.49
2019-12-10,Biomass,62.76
2019-12-10,Geothermal,13.67
2019-12-10,Hydro,133.7
2019-12-10,Photovoltaic,35.92
2019-12-10,Wind,101.42
2019-12-11,Biomass,58.48
2019-12-11,Geothermal,13.37
2019-12-11,Hydro,157.34
2019-12-11,Photovoltaic,36.75
2019-12-11,Wind,118.42
2019-12-12,Biomass,64.4
2019-12-12,Geothermal,13.42
2019-12-12,Hydro,167.77
2019-12-12,Photovoltaic,15.6
2019-12-12,Wind,68.16
2019-12-13,Biomass,58.12
2019-12-13,Geothermal,13.3
2019-12-13,Hydro,153.56
2019-12-13,Photovoltaic,11.46
2019-12-13,Wind,134.9
2019-12-14,Biomass,45.24
2019-12-14,Geothermal,13.12
2019-12-14,Hydro,131.45
2019-12-14,Photovoltaic,42.19
2019-12-14,Wind,111.57
2019-12-15,Biomass,39.27
2019-12-15,Geothermal,14.59
2019-12-15,Hydro,112.87
2019-12-15,Photovoltaic,27.11
2019-12-15,Wind,67.13
2019-12-16,Biomass,58.72
2019-12-16,Geothermal,14.69
2019-12-16,Hydro,159.8
2019-12-16,Photovoltaic,22.04
2019-12-16,Wind,55.87
2019-12-17,Biomass,62.91
2019-12-17,Geothermal,14.88
2019-12-17,Hydro,141.87
2019-12-17,Photovoltaic,18.87
2019-12-17,Wind,75.33
2019-12-18,Biomass,58.97
2019-12-18,Geothermal,14.88
2019-12-18,Hydro,150.17
2019-12-18,Photovoltaic,12.11
2019-12-18,Wind,79.36
2019-12-19,Biomass,53.16
2019-12-19,Geothermal,14.46
2019-12-19,Hydro,174.78
2019-12-19,Photovoltaic,8.91
2019-12-19,Wind,71.61
2019-12-20,Biomass,44.53
2019-12-20,Geothermal,15.21
2019-12-20,Hydro,183.49
2019-12-20,Photovoltaic,18.23
2019-12-20,Wind,96.2
2019-12-21,Biomass,34.14
2019-12-21,Geothermal,16.12
2019-12-21,Hydro,153.42
2019-12-21,Photovoltaic,14.14
2019-12-21,Wind,140.23
2019-12-22,Biomass,33.21
2019-12-22,Geothermal,16.07
2019-12-22,Hydro,151.39
2019-12-22,Photovoltaic,24.19
2019-12-22,Wind,132.38
2019-12-23,Biomass,34.9
2019-12-23,Geothermal,16.09
2019-12-23,Hydro,167.68
2019-12-23,Photovoltaic,35.28
2019-12-23,Wind,96.1
2019-12-24,Biomass,32.83
2019-12-24,Geothermal,15.74
2019-12-24,Hydro,161.43
2019-12-24,Photovoltaic,38.66
2019-12-24,Wind,72.32
2019-12-25,Biomass,34.6
2019-12-25,Geothermal,15.84
2019-12-25,Hydro,143.09
2019-12-25,Photovoltaic,45.44
2019-12-25,Wind,59.64
2019-12-26,Biomass,37.14
2019-12-26,Geothermal,16.04
2019-12-26,Hydro,143.54
2019-12-26,Photovoltaic,43.1
2019-12-26,Wind,51.76
2019-12-27,Biomass,42.69
2019-12-27,Geothermal,15.78
2019-12-27,Hydro,156.19
2019-12-27,Photovoltaic,31.14
2019-12-27,Wind,18.55
2019-12-28,Biomass,35.83
2019-12-28,Geothermal,16.07
2019-12-28,Hydro,136.56
2019-12-28,Photovoltaic,35.48
2019-12-28,Wind,111.68
2019-12-29,Biomass,39.13
2019-12-29,Geothermal,16.08
2019-12-29,Hydro,127.3
2019-12-29,Photovoltaic,30.06
2019-12-29,Wind,120.48
2019-12-30,Biomass,40.14
2019-12-30,Geothermal,15.95
2019-12-30,Hydro,145.22
2019-12-30,Photovoltaic,33.61
2019-12-30,Wind,113.39
2019-12-31,Biomass,37.41
2019-12-31,Geothermal,15.93
2019-12-31,Hydro,148.86
2019-12-31,Photovoltaic,44.26
2019-12-31,Wind,51.81
2020-01-01,Biomass,32.65
2020-01-01,Geothermal,15.84
2020-01-01,Hydro,93.62
2020-01-01,Photovoltaic,45.51
2020-01-01,Wind,84.47
2020-01-02,Biomass,38.0
2020-01-02,Geothermal,15.67
2020-01-02,Hydro,119.68
2020-01-02,Photovoltaic,45.51
2020-01-02,Wind,62.59
2020-01-03,Biomass,40.58
2020-01-03,Geothermal,15.69
2020-01-03,Hydro,118.49
2020-01-03,Photovoltaic,35.37
2020-01-03,Wind,32.92
2020-01-04,Biomass,38.22
2020-01-04,Geothermal,16.06
2020-01-04,Hydro,100.64
2020-01-04,Photovoltaic,34.24
2020-01-04,Wind,54.69
2020-01-05,Biomass,32.79
2020-01-05,Geothermal,16.07
2020-01-05,Hydro,92.93
2020-01-05,Photovoltaic,44.83
2020-01-05,Wind,116.97
2020-01-06,Biomass,38.6
2020-01-06,Geothermal,15.78
2020-01-06,Hydro,116.5
2020-01-06,Photovoltaic,43.74
2020-01-06,Wind,104.62
2020-01-07,Biomass,47.2
2020-01-07,Geothermal,15.98
2020-01-07,Hydro,141.52
2020-01-07,Photovoltaic,32.13
2020-01-07,Wind,61.28
2020-01-08,Biomass,50.97
2020-01-08,Geothermal,15.72
2020-01-08,Hydro,125.93
2020-01-08,Photovoltaic,35.34
2020-01-08,Wind,57.88
2020-01-09,Biomass,53.21
2020-01-09,Geothermal,15.94
2020-01-09,Hydro,148.99
2020-01-09,Photovoltaic,43.08
2020-01-09,Wind,18.08
2020-01-10,Biomass,52.94
2020-01-10,Geothermal,16.0
2020-01-10,Hydro,140.63
2020-01-10,Photovoltaic,41.46
2020-01-10,Wind,18.77
2020-01-11,Biomass,45.16
2020-01-11,Geothermal,16.07
2020-01-11,Hydro,92.41
2020-01-11,Photovoltaic,42.28
2020-01-11,Wind,36.81
2020-01-12,Biomass,41.37
2020-01-12,Geothermal,16.02
2020-01-12,Hydro,94.21
2020-01-12,Photovoltaic,41.81
2020-01-12,Wind,39.47
2020-01-13,Biomass,54.66
2020-01-13,Geothermal,15.99
2020-01-13,Hydro,141.77
2020-01-13,Photovoltaic,36.72
2020-01-13,Wind,10.65
2020-01-14,Biomass,58.21
2020-01-14,Geothermal,15.13
2020-01-14,Hydro,138.51
2020-01-14,Photovoltaic,30.94
2020-01-14,Wind,7.13
2020-01-15,Biomass,58.94
2020-01-15,Geothermal,15.04
2020-01-15,Hydro,129.92
2020-01-15,Photovoltaic,37.39
2020-01-15,Wind,6.61
2020-01-16,Biomass,55.67
2020-01-16,Geothermal,15.87
2020-01-16,Hydro,116.89
2020-01-16,Photovoltaic,40.84
2020-01-16,Wind,42.42
2020-01-17,Biomass,55.61
2020-01-17,Geothermal,15.99
2020-01-17,Hydro,118.66
2020-01-17,Photovoltaic,45.06
2020-01-17,Wind,34.4
2020-01-18,Biomass,44.2
2020-01-18,Geothermal,15.92
2020-01-18,Hydro,106.83
2020-01-18,Photovoltaic,25.41
2020-01-18,Wind,71.11
2020-01-19,Biomass,42.14
2020-01-19,Geothermal,16.08
2020-01-19,Hydro,69.3
2020-01-19,Photovoltaic,36.54
2020-01-19,Wind,58.07
2020-01-20,Biomass,54.75
2020-01-20,Geothermal,15.74
2020-01-20,Hydro,101.12
2020-01-20,Photovoltaic,33.79
2020-01-20,Wind,101.86
2020-01-21,Biomass,59.27
2020-01-21,Geothermal,15.61
2020-01-21,Hydro,115.9
2020-01-21,Photovoltaic,41.51
2020-01-21,Wind,76.76
2020-01-22,Biomass,60.54
2020-01-22,Geothermal,15.69
2020-01-22,Hydro,132.34
2020-01-22,Photovoltaic,49.68
2020-01-22,Wind,32.78
2020-01-23,Biomass,62.5
2020-01-23,Geothermal,15.58
2020-01-23,Hydro,129.75
2020-01-23,Photovoltaic,49.37
2020-01-23,Wind,33.1
2020-01-24,Biomass,62.3
2020-01-24,Geothermal,15.69
2020-01-24,Hydro,125.03
2020-01-24,Photovoltaic,35.76
2020-01-24,Wind,42.15
2020-01-25,Biomass,48.98
2020-01-25,Geothermal,15.62
2020-01-25,Hydro,87.43
2020-01-25,Photovoltaic,25.1
2020-01-25,Wind,40.4
2020-01-26,Biomass,45.1
2020-01-26,Geothermal,15.82
2020-01-26,Hydro,75.75
2020-01-26,Photovoltaic,27.15
2020-01-26,Wind,17.86
2020-01-27,Biomass,56.12
2020-01-27,Geothermal,15.84
2020-01-27,Hydro,114.29
2020-01-27,Photovoltaic,47.42
2020-01-27,Wind,49.24
2020-01-28,Biomass,55.17
2020-01-28,Geothermal,15.84
2020-01-28,Hydro,105.09
2020-01-28,Photovoltaic,27.9
2020-01-28,Wind,136.17
2020-01-29,Biomass,53.74
2020-01-29,Geothermal,15.84
2020-01-29,Hydro,105.79
2020-01-29,Photovoltaic,51.29
2020-01-29,Wind,122.09
2020-01-30,Biomass,57.05
2020-01-30,Geothermal,15.72
2020-01-30,Hydro,100.33
2020-01-30,Photovoltaic,54.22
2020-01-30,Wind,46.23
2020-01-31,Biomass,54.17
2020-01-31,Geothermal,15.77
2020-01-31,Hydro,99.34
2020-01-31,Photovoltaic,34.07
2020-01-31,Wind,64.58
2020-02-01,Biomass,53.7
2020-02-01,Geothermal,15.84
2020-02-01,Hydro,73.45
2020-02-01,Photovoltaic,27.18
2020-02-01,Wind,35.76
2020-02-02,Biomass,41.32
2020-02-02,Geothermal,15.84
2020-02-02,Hydro,69.61
2020-02-02,Photovoltaic,35.14
2020-02-02,Wind,76.79
2020-02-03,Biomass,55.38
2020-02-03,Geothermal,15.77
2020-02-03,Hydro,87.45
2020-02-03,Photovoltaic,36.71
2020-02-03,Wind,100.52
2020-02-04,Biomass,52.35
2020-02-04,Geothermal,15.91
2020-02-04,Hydro,114.63
2020-02-04,Photovoltaic,47.11
2020-02-04,Wind,145.73
2020-02-05,Biomass,53.85
2020-02-05,Geothermal,16.25
2020-02-05,Hydro,108.75
2020-02-05,Photovoltaic,57.04
2020-02-05,Wind,154.36
2020-02-06,Biomass,54.49
2020-02-06,Geothermal,16.31
2020-02-06,Hydro,108.61
2020-02-06,Photovoltaic,61.24
2020-02-06,Wind,134.74
2020-02-07,Biomass,56.35
2020-02-07,Geothermal,16.03
2020-02-07,Hydro,122.67
2020-02-07,Photovoltaic,68.86
2020-02-07,Wind,52.34
2020-02-08,Biomass,47.72
2020-02-08,Geothermal,15.95
2020-02-08,Hydro,81.03
2020-02-08,Photovoltaic,62.5
2020-02-08,Wind,10.2
2020-02-09,Biomass,42.44
2020-02-09,Geothermal,15.92
2020-02-09,Hydro,68.24
2020-02-09,Photovoltaic,50.41
2020-02-09,Wind,39.14
2020-02-10,Biomass,50.69
2020-02-10,Geothermal,15.5
2020-02-10,Hydro,102.02
2020-02-10,Photovoltaic,32.98
2020-02-10,Wind,132.02
2020-02-11,Biomass,51.22
2020-02-11,Geothermal,15.53
2020-02-11,Hydro,99.43
2020-02-11,Photovoltaic,59.73
2020-02-11,Wind,138.61
2020-02-12,Biomass,55.49
2020-02-12,Geothermal,15.87
2020-02-12,Hydro,93.71
2020-02-12,Photovoltaic,65.76
2020-02-12,Wind,71.61
2020-02-13,Biomass,59.06
2020-02-13,Geothermal,16.18
2020-02-13,Hydro,88.78
2020-02-13,Photovoltaic,53.99
2020-02-13,Wind,46.74
2020-02-14,Biomass,51.23
2020-02-14,Geothermal,16.11
2020-02-14,Hydro,94.07
2020-02-14,Photovoltaic,56.59
2020-02-14,Wind,123.36
2020-02-15,Biomass,38.98
2020-02-15,Geothermal,16.08
2020-02-15,Hydro,83.33
2020-02-15,Photovoltaic,71.33
2020-02-15,Wind,76.42
2020-02-16,Biomass,37.86
2020-02-16,Geothermal,16.08
2020-02-16,Hydro,71.06
2020-02-16,Photovoltaic,61.0
2020-02-16,Wind,7.34
2020-02-17,Biomass,51.63
2020-02-17,Geothermal,15.41
2020-02-17,Hydro,96.39
2020-02-17,Photovoltaic,53.99
2020-02-17,Wind,31.3
2020-02-18,Biomass,55.84
2020-02-18,Geothermal,15.25
2020-02-18,Hydro,90.57
2020-02-18,Photovoltaic,51.25
2020-02-18,Wind,53.0
2020-02-19,Biomass,57.13
2020-02-19,Geothermal,15.36
2020-02-19,Hydro,99.72
2020-02-19,Photovoltaic,53.85
2020-02-19,Wind,66.95
2020-02-20,Biomass,52.93
2020-02-20,Geothermal,15.36
2020-02-20,Hydro,98.56
2020-02-20,Photovoltaic,71.44
2020-02-20,Wind,105.13
2020-02-21,Biomass,54.54
2020-02-21,Geothermal,15.37
2020-02-21,Hydro,97.09
2020-02-21,Photovoltaic,73.2
2020-02-21,Wind,39.14
2020-02-22,Biomass,43.55
2020-02-22,Geothermal,15.36
2020-02-22,Hydro,80.35
2020-02-22,Photovoltaic,74.68
2020-02-22,Wind,63.65
2020-02-23,Biomass,38.66
2020-02-23,Geothermal,16.03
2020-02-23,Hydro,55.48
2020-02-23,Photovoltaic,58.2
2020-02-23,Wind,69.51
2020-02-24,Biomass,49.63
2020-02-24,Geothermal,16.19
2020-02-24,Hydro,91.29
2020-02-24,Photovoltaic,70.32
2020-02-24,Wind,74.12
2020-02-25,Biomass,51.7
2020-02-25,Geothermal,16.09
2020-02-25,Hydro,89.18
2020-02-25,Photovoltaic,51.37
2020-02-25,Wind,102.54
2020-02-26,Biomass,49.09
2020-02-26,Geothermal,16.18
2020-02-26,Hydro,92.03
2020-02-26,Photovoltaic,55.22
2020-02-26,Wind,143.2
2020-02-27,Biomass,51.04
2020-02-27,Geothermal,16.16
2020-02-27,Hydro,102.88
2020-02-27,Photovoltaic,69.58
2020-02-27,Wind,109.44
2020-02-28,Biomass,46.51
2020-02-28,Geothermal,16.28
2020-02-28,Hydro,92.93
2020-02-28,Photovoltaic,74.62
2020-02-28,Wind,122.32
2020-02-29,Biomass,41.81
2020-02-29,Geothermal,16.2
2020-02-29,Hydro,65.87
2020-02-29,Photovoltaic,54.91
2020-02-29,Wind,52.4
2020-03-01,Biomass,42.44
2020-03-01,Geothermal,16.08
2020-03-01,Hydro,67.35
2020-03-01,Photovoltaic,27.8
2020-03-01,Wind,110.11
2020-03-02,Biomass,65.16
2020-03-02,Geothermal,15.99
2020-03-02,Hydro,110.09
2020-03-02,Photovoltaic,28.36
2020-03-02,Wind,127.53
2020-03-03,Biomass,59.83
2020-03-03,Geothermal,16.19
2020-03-03,Hydro,119.41
2020-03-03,Photovoltaic,48.16
2020-03-03,Wind,133.85
2020-03-04,Biomass,62.11
2020-03-04,Geothermal,16.29
2020-03-04,Hydro,122.76
2020-03-04,Photovoltaic,63.66
2020-03-04,Wind,47.35
2020-03-05,Biomass,63.76
2020-03-05,Geothermal,16.23
2020-03-05,Hydro,131.51
2020-03-05,Photovoltaic,53.67
2020-03-05,Wind,59.53
2020-03-06,Biomass,57.73
2020-03-06,Geothermal,16.13
2020-03-06,Hydro,106.51
2020-03-06,Photovoltaic,54.04
2020-03-06,Wind,117.67
2020-03-07,Biomass,47.95
2020-03-07,Geothermal,16.23
2020-03-07,Hydro,93.21
2020-03-07,Photovoltaic,54.33
2020-03-07,Wind,48.93
2020-03-08,Biomass,40.63
2020-03-08,Geothermal,16.24
2020-03-08,Hydro,81.84
2020-03-08,Photovoltaic,73.56
2020-03-08,Wind,72.19
2020-03-09,Biomass,62.93
2020-03-09,Geothermal,16.17
2020-03-09,Hydro,108.82
2020-03-09,Photovoltaic,55.9
2020-03-09,Wind,41.23
2020-03-10,Biomass,63.33
2020-03-10,Geothermal,15.99
2020-03-10,Hydro,90.33
2020-03-10,Photovoltaic,66.66
2020-03-10,Wind,60.56
2020-03-11,Biomass,62.36
2020-03-11,Geothermal,16.17
2020-03-11,Hydro,91.25
2020-03-11,Photovoltaic,83.27
2020-03-11,Wind,21.29
2020-03-12,Biomass,53.81
2020-03-12,Geothermal,16.08
2020-03-12,Hydro,91.99
2020-03-12,Photovoltaic,64.53
2020-03-12,Wind,58.69
2020-03-13,Biomass,53.24
2020-03-13,Geothermal,16.05
2020-03-13,Hydro,101.39
2020-03-13,Photovoltaic,57.46
2020-03-13,Wind,43.13
2020-03-14,Biomass,47.38
2020-03-14,Geothermal,16.08
2020-03-14,Hydro,91.89
2020-03-14,Photovoltaic,41.09
2020-03-14,Wind,20.78
2020-03-15,Biomass,41.5
2020-03-15,Geothermal,16.11
2020-03-15,Hydro,73.45
2020-03-15,Photovoltaic,81.7
2020-03-15,Wind,73.15
2020-03-16,Biomass,48.44
2020-03-16,Geothermal,16.15
2020-03-16,Hydro,95.8
2020-03-16,Photovoltaic,85.86
2020-03-16,Wind,47.94
2020-03-17,Biomass,51.25
2020-03-17,Geothermal,16.08
2020-03-17,Hydro,85.09
2020-03-17,Photovoltaic,77.89
2020-03-17,Wind,19.2
2020-03-18,Biomass,48.61
2020-03-18,Geothermal,15.99
2020-03-18,Hydro,77.29
2020-03-18,Photovoltaic,82.22
2020-03-18,Wind,34.33
2020-03-19,Biomass,49.67
2020-03-19,Geothermal,15.99
2020-03-19,Hydro,88.18
2020-03-19,Photovoltaic,88.13
2020-03-19,Wind,16.51
2020-03-20,Biomass,45.2
2020-03-20,Geothermal,15.95
2020-03-20,Hydro,90.08
2020-03-20,Photovoltaic,78.13
2020-03-20,Wind,17.12
2020-03-21,Biomass,38.6
2020-03-21,Geothermal,15.95
2020-03-21,Hydro,85.17
2020-03-21,Photovoltaic,73.93
2020-03-21,Wind,19.74
2020-03-22,Biomass,39.18
2020-03-22,Geothermal,15.93
2020-03-22,Hydro,84.38
2020-03-22,Photovoltaic,51.32
2020-03-22,Wind,48.1
2020-03-23,Biomass,46.1
2020-03-23,Geothermal,16.1
2020-03-23,Hydro,89.82
2020-03-23,Photovoltaic,75.44
2020-03-23,Wind,115.31
2020-03-24,Biomass,41.68
2020-03-24,Geothermal,16.14
2020-03-24,Hydro,98.98
2020-03-24,Photovoltaic,76.77
2020-03-24,Wind,73.79
2020-03-25,Biomass,48.72
2020-03-25,Geothermal,16.21
2020-03-25,Hydro,86.73
2020-03-25,Photovoltaic,49.62
2020-03-25,Wind,81.95
2020-03-26,Biomass,46.38
2020-03-26,Geothermal,16.15
2020-03-26,Hydro,97.14
2020-03-26,Photovoltaic,25.9
2020-03-26,Wind,112.17
2020-03-27,Biomass,44.44
2020-03-27,Geothermal,15.96
2020-03-27,Hydro,119.9
2020-03-27,Photovoltaic,40.03
2020-03-27,Wind,48.63
2020-03-28,Biomass,41.38
2020-03-28,Geothermal,16.08
2020-03-28,Hydro,108.09
2020-03-28,Photovoltaic,74.71
2020-03-28,Wind,17.16
2020-03-29,Biomass,40.39
2020-03-29,Geothermal,15.37
2020-03-29,Hydro,94.69
2020-03-29,Photovoltaic,81.56
2020-03-29,Wind,7.22
2020-03-30,Biomass,47.12
2020-03-30,Geothermal,16.03
2020-03-30,Hydro,100.51
2020-03-30,Photovoltaic,65.76
2020-03-30,Wind,7.52
2020-03-31,Biomass,48.93
2020-03-31,Geothermal,16.08
2020-03-31,Hydro,97.45
2020-03-31,Photovoltaic,67.63
2020-03-31,Wind,47.13
2020-04-01,Biomass,52.3
2020-04-01,Geothermal,16.08
2020-04-01,Hydro,98.95
2020-04-01,Photovoltaic,91.66
2020-04-01,Wind,91.79
2020-04-02,Biomass,51.68
2020-04-02,Geothermal,16.05
2020-04-02,Hydro,104.68
2020-04-02,Photovoltaic,90.42
2020-04-02,Wind,22.59
2020-04-03,Biomass,48.12
2020-04-03,Geothermal,15.93
2020-04-03,Hydro,109.25
2020-04-03,Photovoltaic,85.3
2020-04-03,Wind,30.43
2020-04-04,Biomass,49.68
2020-04-04,Geothermal,16.03
2020-04-04,Hydro,87.83
2020-04-04,Photovoltaic,99.52
2020-04-04,Wind,93.66
2020-04-05,Biomass,45.58
2020-04-05,Geothermal,15.97
2020-04-05,Hydro,85.44
2020-04-05,Photovoltaic,94.68
2020-04-05,Wind,73.95
2020-04-06,Biomass,48.57
2020-04-06,Geothermal,15.99
2020-04-06,Hydro,95.96
2020-04-06,Photovoltaic,93.28
2020-04-06,Wind,32.0
2020-04-07,Biomass,49.63
2020-04-07,Geothermal,15.87
2020-04-07,Hydro,115.93
2020-04-07,Photovoltaic,99.42
2020-04-07,Wind,30.61
2020-04-08,Biomass,48.77
2020-04-08,Geothermal,16.01
2020-04-08,Hydro,97.08
2020-04-08,Photovoltaic,103.62
2020-04-08,Wind,20.7
2020-04-09,Biomass,47.64
2020-04-09,Geothermal,15.91
2020-04-09,Hydro,105.4
2020-04-09,Photovoltaic,105.31
2020-04-09,Wind,12.33
2020-04-10,Biomass,49.61
2020-04-10,Geothermal,15.94
2020-04-10,Hydro,115.44
2020-04-10,Photovoltaic,105.13
2020-04-10,Wind,22.55
2020-04-11,Biomass,52.4
2020-04-11,Geothermal,15.97
2020-04-11,Hydro,119.39
2020-04-11,Photovoltaic,103.62
2020-04-11,Wind,15.87
2020-04-12,Biomass,48.1
2020-04-12,Geothermal,15.98
2020-04-12,Hydro,111.11
2020-04-12,Photovoltaic,101.09
2020-04-12,Wind,7.54
2020-04-13,Biomass,45.29
2020-04-13,Geothermal,15.93
2020-04-13,Hydro,103.74
2020-04-13,Photovoltaic,82.65
2020-04-13,Wind,43.35
2020-04-14,Biomass,51.83
2020-04-14,Geothermal,15.87
2020-04-14,Hydro,119.9
2020-04-14,Photovoltaic,65.67
2020-04-14,Wind,67.9
2020-04-15,Biomass,46.97
2020-04-15,Geothermal,15.67
2020-04-15,Hydro,130.78
2020-04-15,Photovoltaic,101.19
2020-04-15,Wind,78.53
2020-04-16,Biomass,52.8
2020-04-16,Geothermal,15.94
2020-04-16,Hydro,125.16
2020-04-16,Photovoltaic,95.04
2020-04-16,Wind,22.2
2020-04-17,Biomass,51.26
2020-04-17,Geothermal,15.91
2020-04-17,Hydro,147.88
2020-04-17,Photovoltaic,95.24
2020-04-17,Wind,12.9
2020-04-18,Biomass,50.78
2020-04-18,Geothermal,15.68
2020-04-18,Hydro,143.53
2020-04-18,Photovoltaic,84.77
2020-04-18,Wind,11.21
2020-04-19,Biomass,50.55
2020-04-19,Geothermal,15.81
2020-04-19,Hydro,123.06
2020-04-19,Photovoltaic,73.85
2020-04-19,Wind,21.07
2020-04-20,Biomass,58.74
2020-04-20,Geothermal,15.82
2020-04-20,Hydro,167.07
2020-04-20,Photovoltaic,21.32
2020-04-20,Wind,56.38
2020-04-21,Biomass,56.8
2020-04-21,Geothermal,15.8
2020-04-21,Hydro,157.04
2020-04-21,Photovoltaic,33.84
2020-04-21,Wind,55.74
2020-04-22,Biomass,53.28
2020-04-22,Geothermal,15.98
2020-04-22,Hydro,158.59
2020-04-22,Photovoltaic,59.04
2020-04-22,Wind,44.31
2020-04-23,Biomass,51.57
2020-04-23,Geothermal,15.94
2020-04-23,Hydro,158.75
2020-04-23,Photovoltaic,86.27
2020-04-23,Wind,38.35
2020-04-24,Biomass,51.74
2020-04-24,Geothermal,15.92
2020-04-24,Hydro,168.88
2020-04-24,Photovoltaic,104.09
2020-04-24,Wind,14.54
2020-04-25,Biomass,48.69
2020-04-25,Geothermal,15.9
2020-04-25,Hydro,141.34
2020-04-25,Photovoltaic,105.29
2020-04-25,Wind,46.7
2020-04-26,Biomass,51.27
2020-04-26,Geothermal,15.88
2020-04-26,Hydro,139.18
2020-04-26,Photovoltaic,93.17
2020-04-26,Wind,19.0
2020-04-27,Biomass,56.98
2020-04-27,Geothermal,15.83
2020-04-27,Hydro,156.76
2020-04-27,Photovoltaic,93.11
2020-04-27,Wind,26.56
2020-04-28,Biomass,53.1
2020-04-28,Geothermal,15.69
2020-04-28,Hydro,160.07
2020-04-28,Photovoltaic,59.25
2020-04-28,Wind,72.27
2020-04-29,Biomass,51.57
2020-04-29,Geothermal,15.84
2020-04-29,Hydro,156.16
2020-04-29,Photovoltaic,86.83
2020-04-29,Wind,106.51
2020-04-30,Biomass,48.84
2020-04-30,Geothermal,15.81
2020-04-30,Hydro,185.1
2020-04-30,Photovoltaic,87.27
2020-04-30,Wind,76.33
2020-05-01,Biomass,42.2
2020-05-01,Geothermal,15.84
2020-05-01,Hydro,147.26
2020-05-01,Photovoltaic,79.05
2020-05-01,Wind,79.1
2020-05-02,Biomass,43.1
2020-05-02,Geothermal,15.84
2020-05-02,Hydro,145.85
2020-05-02,Photovoltaic,94.83
2020-05-02,Wind,79.1
2020-05-03,Biomass,44.26
2020-05-03,Geothermal,15.77
2020-05-03,Hydro,133.18
2020-05-03,Photovoltaic,105.52
2020-05-03,Wind,62.73
2020-05-04,Biomass,52.95
2020-05-04,Geothermal,15.74
2020-05-04,Hydro,159.54
2020-05-04,Photovoltaic,113.56
2020-05-04,Wind,48.99
2020-05-05,Biomass,52.39
2020-05-05,Geothermal,15.42
2020-05-05,Hydro,140.64
2020-05-05,Photovoltaic,94.32
2020-05-05,Wind,58.86
2020-05-06,Biomass,53.74
2020-05-06,Geothermal,15.24
2020-05-06,Hydro,138.08
2020-05-06,Photovoltaic,83.34
2020-05-06,Wind,62.86
2020-05-07,Biomass,52.89
2020-05-07,Geothermal,15.26
2020-05-07,Hydro,142.42
2020-05-07,Photovoltaic,112.7
2020-05-07,Wind,75.77
2020-05-08,Biomass,56.68
2020-05-08,Geothermal,15.34
2020-05-08,Hydro,154.59
2020-05-08,Photovoltaic,107.42
2020-05-08,Wind,19.95
2020-05-09,Biomass,48.82
2020-05-09,Geothermal,15.51
2020-05-09,Hydro,155.45
2020-05-09,Photovoltaic,108.5
2020-05-09,Wind,27.04
2020-05-10,Biomass,47.08
2020-05-10,Geothermal,15.5
2020-05-10,Hydro,145.93
2020-05-10,Photovoltaic,81.85
2020-05-10,Wind,36.2
2020-05-11,Biomass,48.38
2020-05-11,Geothermal,15.49
2020-05-11,Hydro,166.05
2020-05-11,Photovoltaic,73.1
2020-05-11,Wind,80.13
2020-05-12,Biomass,50.45
2020-05-12,Geothermal,15.49
2020-05-12,Hydro,178.35
2020-05-12,Photovoltaic,88.61
2020-05-12,Wind,80.38
2020-05-13,Biomass,57.53
2020-05-13,Geothermal,15.27
2020-05-13,Hydro,187.99
2020-05-13,Photovoltaic,59.75
2020-05-13,Wind,81.93
2020-05-14,Biomass,50.21
2020-05-14,Geothermal,15.04
2020-05-14,Hydro,177.75
2020-05-14,Photovoltaic,78.13
2020-05-14,Wind,91.34
2020-05-15,Biomass,51.82
2020-05-15,Geothermal,15.57
2020-05-15,Hydro,180.48
2020-05-15,Photovoltaic,70.48
2020-05-15,Wind,80.82
2020-05-16,Biomass,48.79
2020-05-16,Geothermal,15.7
2020-05-16,Hydro,192.75
2020-05-16,Photovoltaic,60.15
2020-05-16,Wind,56.62
2020-05-17,Biomass,42.12
2020-05-17,Geothermal,15.52
2020-05-17,Hydro,179.8
2020-05-17,Photovoltaic,86.99
2020-05-17,Wind,29.89
2020-05-18,Biomass,52.98
2020-05-18,Geothermal,15.6
2020-05-18,Hydro,195.5
2020-05-18,Photovoltaic,64.38
2020-05-18,Wind,50.94
2020-05-19,Biomass,58.05
2020-05-19,Geothermal,15.55
2020-05-19,Hydro,203.9
2020-05-19,Photovoltaic,63.44
2020-05-19,Wind,32.6
2020-05-20,Biomass,54.13
2020-05-20,Geothermal,15.5
2020-05-20,Hydro,205.99
2020-05-20,Photovoltaic,67.26
2020-05-20,Wind,53.95
2020-05-21,Biomass,44.54
2020-05-21,Geothermal,15.48
2020-05-21,Hydro,201.94
2020-05-21,Photovoltaic,101.36
2020-05-21,Wind,106.97
2020-05-22,Biomass,42.17
2020-05-22,Geothermal,15.54
2020-05-22,Hydro,208.05
2020-05-22,Photovoltaic,102.9
2020-05-22,Wind,63.44
2020-05-23,Biomass,41.29
2020-05-23,Geothermal,15.54
2020-05-23,Hydro,197.44
2020-05-23,Photovoltaic,103.14
2020-05-23,Wind,30.51
2020-05-24,Biomass,39.15
2020-05-24,Geothermal,15.49
2020-05-24,Hydro,179.52
2020-05-24,Photovoltaic,106.35
2020-05-24,Wind,31.26
2020-05-25,Biomass,50.25
2020-05-25,Geothermal,14.87
2020-05-25,Hydro,200.32
2020-05-25,Photovoltaic,108.54
2020-05-25,Wind,51.22
2020-05-26,Biomass,54.35
2020-05-26,Geothermal,15.66
2020-05-26,Hydro,212.06
2020-05-26,Photovoltaic,103.79
2020-05-26,Wind,75.18
2020-05-27,Biomass,52.36
2020-05-27,Geothermal,15.49
2020-05-27,Hydro,205.19
2020-05-27,Photovoltaic,108.72
2020-05-27,Wind,89.76
2020-05-28,Biomass,52.38
2020-05-28,Geothermal,15.35
2020-05-28,Hydro,205.81
2020-05-28,Photovoltaic,97.37
2020-05-28,Wind,60.72
2020-05-29,Biomass,52.32
2020-05-29,Geothermal,15.44
2020-05-29,Hydro,193.74
2020-05-29,Photovoltaic,77.1
2020-05-29,Wind,24.14
2020-05-30,Biomass,54.32
2020-05-30,Geothermal,14.99
2020-05-30,Hydro,170.99
2020-05-30,Photovoltaic,75.84
2020-05-30,Wind,13.96
2020-05-31,Biomass,49.46
2020-05-31,Geothermal,15.17
2020-05-31,Hydro,156.74
2020-05-31,Photovoltaic,91.33
2020-05-31,Wind,18.97
2020-06-01,Biomass,43.19
2020-06-01,Geothermal,14.91
2020-06-01,Hydro,156.09
2020-06-01,Photovoltaic,104.36
2020-06-01,Wind,47.16
2020-06-02,Biomass,40.2
2020-06-02,Geothermal,14.84
2020-06-02,Hydro,157.66
2020-06-02,Photovoltaic,100.18
2020-06-02,Wind,36.05
2020-06-03,Biomass,47.22
2020-06-03,Geothermal,14.91
2020-06-03,Hydro,171.67
2020-06-03,Photovoltaic,101.16
2020-06-03,Wind,31.61
2020-06-04,Biomass,46.14
2020-06-04,Geothermal,13.98
2020-06-04,Hydro,185.12
2020-06-04,Photovoltaic,58.25
2020-06-04,Wind,94.48
2020-06-05,Biomass,42.16
2020-06-05,Geothermal,13.9
2020-06-05,Hydro,186.42
2020-06-05,Photovoltaic,74.47
2020-06-05,Wind,100.19
2020-06-06,Biomass,39.05
2020-06-06,Geothermal,14.9
2020-06-06,Hydro,170.8
2020-06-06,Photovoltaic,99.38
2020-06-06,Wind,61.39
2020-06-07,Biomass,37.19
2020-06-07,Geothermal,14.96
2020-06-07,Hydro,178.7
2020-06-07,Photovoltaic,81.17
2020-06-07,Wind,57.32
2020-06-08,Biomass,50.56
2020-06-08,Geothermal,14.76
2020-06-08,Hydro,211.57
2020-06-08,Photovoltaic,62.68
2020-06-08,Wind,62.09
2020-06-09,Biomass,52.14
2020-06-09,Geothermal,14.8
2020-06-09,Hydro,217.01
2020-06-09,Photovoltaic,86.02
2020-06-09,Wind,54.42
2020-06-10,Biomass,54.19
2020-06-10,Geothermal,14.48
2020-06-10,Hydro,217.6
2020-06-10,Photovoltaic,81.53
2020-06-10,Wind,83.55
2020-06-11,Biomass,48.83
2020-06-11,Geothermal,15.0
2020-06-11,Hydro,197.61
2020-06-11,Photovoltaic,75.13
2020-06-11,Wind,62.8
2020-06-12,Biomass,43.8
2020-06-12,Geothermal,14.55
2020-06-12,Hydro,211.15
2020-06-12,Photovoltaic,103.29
2020-06-12,Wind,21.56
2020-06-13,Biomass,43.67
2020-06-13,Geothermal,14.75
2020-06-13,Hydro,191.94
2020-06-13,Photovoltaic,87.75
2020-06-13,Wind,46.93
2020-06-14,Biomass,37.63
2020-06-14,Geothermal,14.88
2020-06-14,Hydro,178.28
2020-06-14,Photovoltaic,96.03
2020-06-14,Wind,68.1
2020-06-15,Biomass,49.79
2020-06-15,Geothermal,14.8
2020-06-15,Hydro,216.22
2020-06-15,Photovoltaic,81.53
2020-06-15,Wind,67.59
2020-06-16,Biomass,59.47
2020-06-16,Geothermal,14.12
2020-06-16,Hydro,214.2
2020-06-16,Photovoltaic,86.17
2020-06-16,Wind,44.06
2020-06-17,Biomass,59.4
2020-06-17,Geothermal,14.77
2020-06-17,Hydro,214.93
2020-06-17,Photovoltaic,84.15
2020-06-17,Wind,70.5
2020-06-18,Biomass,53.84
2020-06-18,Geothermal,15.0
2020-06-18,Hydro,205.28
2020-06-18,Photovoltaic,102.26
2020-06-18,Wind,69.62
2020-06-19,Biomass,50.25
2020-06-19,Geothermal,14.9
2020-06-19,Hydro,195.31
2020-06-19,Photovoltaic,86.46
2020-06-19,Wind,30.07
2020-06-20,Biomass,35.59
2020-06-20,Geothermal,14.95
2020-06-20,Hydro,173.13
2020-06-20,Photovoltaic,109.74
2020-06-20,Wind,64.58
2020-06-21,Biomass,36.16
2020-06-21,Geothermal,14.88
2020-06-21,Hydro,165.19
2020-06-21,Photovoltaic,100.81
2020-06-21,Wind,67.48
2020-06-22,Biomass,45.44
2020-06-22,Geothermal,14.65
2020-06-22,Hydro,192.76
2020-06-22,Photovoltaic,94.6
2020-06-22,Wind,100.59
2020-06-23,Biomass,54.82
2020-06-23,Geothermal,14.63
2020-06-23,Hydro,198.13
2020-06-23,Photovoltaic,101.87
2020-06-23,Wind,94.39
2020-06-24,Biomass,58.62
2020-06-24,Geothermal,14.87
2020-06-24,Hydro,205.44
2020-06-24,Photovoltaic,106.84
2020-06-24,Wind,29.98
2020-06-25,Biomass,56.8
2020-06-25,Geothermal,14.93
2020-06-25,Hydro,200.64
2020-06-25,Photovoltaic,100.28
2020-06-25,Wind,9.1
2020-06-26,Biomass,53.7
2020-06-26,Geothermal,14.88
2020-06-26,Hydro,180.21
2020-06-26,Photovoltaic,104.34
2020-06-26,Wind,13.92
2020-06-27,Biomass,46.45
2020-06-27,Geothermal,14.94
2020-06-27,Hydro,155.34
2020-06-27,Photovoltaic,102.97
2020-06-27,Wind,11.05
2020-06-28,Biomass,40.84
2020-06-28,Geothermal,14.81
2020-06-28,Hydro,152.75
2020-06-28,Photovoltaic,107.46
2020-06-28,Wind,6.53
2020-06-29,Biomass,57.44
2020-06-29,Geothermal,14.82
2020-06-29,Hydro,179.78
2020-06-29,Photovoltaic,104.29
2020-06-29,Wind,35.61
2020-06-30,Biomass,56.76
2020-06-30,Geothermal,14.7
2020-06-30,Hydro,196.03
2020-06-30,Photovoltaic,97.96
2020-06-30,Wind,33.38
2020-07-01,Biomass,49.53
2020-07-01,Geothermal,14.25
2020-07-01,Hydro,174.81
2020-07-01,Photovoltaic,94.66
2020-07-01,Wind,26.27
2020-07-02,Biomass,53.39
2020-07-02,Geothermal,14.56
2020-07-02,Hydro,188.77
2020-07-02,Photovoltaic,96.34
2020-07-02,Wind,17.47
2020-07-03,Biomass,50.21
2020-07-03,Geothermal,14.69
2020-07-03,Hydro,177.05
2020-07-03,Photovoltaic,92.04
2020-07-03,Wind,31.61
2020-07-04,Biomass,38.39
2020-07-04,Geothermal,14.93
2020-07-04,Hydro,152.35
2020-07-04,Photovoltaic,93.73
2020-07-04,Wind,53.28
2020-07-05,Biomass,33.01
2020-07-05,Geothermal,15.02
2020-07-05,Hydro,139.52
2020-07-05,Photovoltaic,103.96
2020-07-05,Wind,90.5
2020-07-06,Biomass,47.95
2020-07-06,Geothermal,14.97
2020-07-06,Hydro,171.11
2020-07-06,Photovoltaic,101.75
2020-07-06,Wind,57.02
2020-07-07,Biomass,49.06
2020-07-07,Geothermal,15.0
2020-07-07,Hydro,182.91
2020-07-07,Photovoltaic,104.59
2020-07-07,Wind,67.66
2020-07-08,Biomass,50.3
2020-07-08,Geothermal,15.12
2020-07-08,Hydro,192.19
2020-07-08,Photovoltaic,108.16
2020-07-08,Wind,35.12
2020-07-09,Biomass,56.62
2020-07-09,Geothermal,14.21
2020-07-09,Hydro,190.16
2020-07-09,Photovoltaic,106.46
2020-07-09,Wind,9.37
2020-07-10,Biomass,53.97
2020-07-10,Geothermal,14.76
2020-07-10,Hydro,170.56
2020-07-10,Photovoltaic,103.6
2020-07-10,Wind,6.9
2020-07-11,Biomass,44.77
2020-07-11,Geothermal,14.84
2020-07-11,Hydro,135.12
2020-07-11,Photovoltaic,93.15
2020-07-11,Wind,23.06
2020-07-12,Biomass,35.51
2020-07-12,Geothermal,14.37
2020-07-12,Hydro,118.06
2020-07-12,Photovoltaic,107.32
2020-07-12,Wind,68.08
2020-07-13,Biomass,44.52
2020-07-13,Geothermal,14.78
2020-07-13,Hydro,149.83
2020-07-13,Photovoltaic,103.19
2020-07-13,Wind,69.95
2020-07-14,Biomass,50.37
2020-07-14,Geothermal,14.92
2020-07-14,Hydro,165.69
2020-07-14,Photovoltaic,96.67
2020-07-14,Wind,23.86
2020-07-15,Biomass,53.51
2020-07-15,Geothermal,14.94
2020-07-15,Hydro,179.78
2020-07-15,Photovoltaic,90.58
2020-07-15,Wind,16.89
2020-07-16,Biomass,53.67
2020-07-16,Geothermal,14.71
2020-07-16,Hydro,180.87
2020-07-16,Photovoltaic,95.99
2020-07-16,Wind,25.56
2020-07-17,Biomass,53.15
2020-07-17,Geothermal,14.8
2020-07-17,Hydro,155.82
2020-07-17,Photovoltaic,82.18
2020-07-17,Wind,25.87
2020-07-18,Biomass,44.15
2020-07-18,Geothermal,15.53
2020-07-18,Hydro,107.82
2020-07-18,Photovoltaic,99.76
2020-07-18,Wind,36.97
2020-07-19,Biomass,39.28
2020-07-19,Geothermal,15.49
2020-07-19,Hydro,106.49
2020-07-19,Photovoltaic,102.37
2020-07-19,Wind,26.79
2020-07-20,Biomass,49.74
2020-07-20,Geothermal,15.23
2020-07-20,Hydro,140.53
2020-07-20,Photovoltaic,103.92
2020-07-20,Wind,16.67
2020-07-21,Biomass,52.06
2020-07-21,Geothermal,15.17
2020-07-21,Hydro,154.46
2020-07-21,Photovoltaic,103.22
2020-07-21,Wind,22.8
2020-07-22,Biomass,51.27
2020-07-22,Geothermal,15.22
2020-07-22,Hydro,163.27
2020-07-22,Photovoltaic,99.75
2020-07-22,Wind,21.14
2020-07-23,Biomass,50.29
2020-07-23,Geothermal,15.09
2020-07-23,Hydro,155.63
2020-07-23,Photovoltaic,103.08
2020-07-23,Wind,21.43
2020-07-24,Biomass,49.12
2020-07-24,Geothermal,15.29
2020-07-24,Hydro,137.88
2020-07-24,Photovoltaic,80.43
2020-07-24,Wind,44.42
2020-07-25,Biomass,43.72
2020-07-25,Geothermal,15.48
2020-07-25,Hydro,112.88
2020-07-25,Photovoltaic,103.12
2020-07-25,Wind,45.97
2020-07-26,Biomass,36.47
2020-07-26,Geothermal,15.45
2020-07-26,Hydro,104.48
2020-07-26,Photovoltaic,102.32
2020-07-26,Wind,32.64
2020-07-27,Biomass,50.56
2020-07-27,Geothermal,15.23
2020-07-27,Hydro,145.65
2020-07-27,Photovoltaic,102.56
2020-07-27,Wind,19.15
2020-07-28,Biomass,50.82
2020-07-28,Geothermal,14.93
2020-07-28,Hydro,157.78
2020-07-28,Photovoltaic,101.43
2020-07-28,Wind,11.65
2020-07-29,Biomass,53.12
2020-07-29,Geothermal,14.77
2020-07-29,Hydro,154.71
2020-07-29,Photovoltaic,100.01
2020-07-29,Wind,8.07
2020-07-30,Biomass,54.39
2020-07-30,Geothermal,14.18
2020-07-30,Hydro,154.8
2020-07-30,Photovoltaic,97.66
2020-07-30,Wind,8.11
2020-07-31,Biomass,55.35
2020-07-31,Geothermal,14.68
2020-07-31,Hydro,176.27
2020-07-31,Photovoltaic,97.25
2020-07-31,Wind,15.75
2020-08-01,Biomass,49.24
2020-08-01,Geothermal,14.57
2020-08-01,Hydro,121.92
2020-08-01,Photovoltaic,98.62
2020-08-01,Wind,37.71
2020-08-02,Biomass,44.61
2020-08-02,Geothermal,14.79
2020-08-02,Hydro,110.11
2020-08-02,Photovoltaic,93.52
2020-08-02,Wind,25.76
2020-08-03,Biomass,51.28
2020-08-03,Geothermal,14.43
2020-08-03,Hydro,158.25
2020-08-03,Photovoltaic,60.89
2020-08-03,Wind,60.13
2020-08-04,Biomass,48.64
2020-08-04,Geothermal,15.1
2020-08-04,Hydro,157.57
2020-08-04,Photovoltaic,72.33
2020-08-04,Wind,79.04
2020-08-05,Biomass,46.55
2020-08-05,Geothermal,15.12
2020-08-05,Hydro,152.13
2020-08-05,Photovoltaic,88.78
2020-08-05,Wind,41.55
2020-08-06,Biomass,47.82
2020-08-06,Geothermal,15.04
2020-08-06,Hydro,149.92
2020-08-06,Photovoltaic,87.56
2020-08-06,Wind,61.07
2020-08-07,Biomass,49.46
2020-08-07,Geothermal,14.93
2020-08-07,Hydro,153.85
2020-08-07,Photovoltaic,91.56
2020-08-07,Wind,71.0
2020-08-08,Biomass,42.06
2020-08-08,Geothermal,15.23
2020-08-08,Hydro,122.98
2020-08-08,Photovoltaic,94.4
2020-08-08,Wind,66.53
2020-08-09,Biomass,38.85
2020-08-09,Geothermal,15.28
2020-08-09,Hydro,123.06
2020-08-09,Photovoltaic,99.0
2020-08-09,Wind,60.02
2020-08-10,Biomass,46.59
2020-08-10,Geothermal,15.18
2020-08-10,Hydro,160.14
2020-08-10,Photovoltaic,96.63
2020-08-10,Wind,20.99
2020-08-11,Biomass,45.7
2020-08-11,Geothermal,14.96
2020-08-11,Hydro,154.74
2020-08-11,Photovoltaic,96.48
2020-08-11,Wind,7.14
2020-08-12,Biomass,45.27
2020-08-12,Geothermal,15.25
2020-08-12,Hydro,151.75
2020-08-12,Photovoltaic,96.64
2020-08-12,Wind,10.4
2020-08-13,Biomass,46.78
2020-08-13,Geothermal,15.29
2020-08-13,Hydro,152.76
2020-08-13,Photovoltaic,92.5
2020-08-13,Wind,14.92
2020-08-14,Biomass,51.53
2020-08-14,Geothermal,15.13
2020-08-14,Hydro,145.59
2020-08-14,Photovoltaic,90.24
2020-08-14,Wind,48.8
2020-08-15,Biomass,46.52
2020-08-15,Geothermal,15.22
2020-08-15,Hydro,119.47
2020-08-15,Photovoltaic,96.63
2020-08-15,Wind,37.3
2020-08-16,Biomass,45.0
2020-08-16,Geothermal,15.27
2020-08-16,Hydro,113.03
2020-08-16,Photovoltaic,91.83
2020-08-16,Wind,15.45
2020-08-17,Biomass,49.38
2020-08-17,Geothermal,15.2
2020-08-17,Hydro,150.22
2020-08-17,Photovoltaic,82.85
2020-08-17,Wind,32.84
2020-08-18,Biomass,49.28
2020-08-18,Geothermal,15.25
2020-08-18,Hydro,133.93
2020-08-18,Photovoltaic,80.85
2020-08-18,Wind,52.96
2020-08-19,Biomass,51.19
2020-08-19,Geothermal,15.28
2020-08-19,Hydro,120.86
2020-08-19,Photovoltaic,93.35
2020-08-19,Wind,25.53
2020-08-20,Biomass,51.6
2020-08-20,Geothermal,14.92
2020-08-20,Hydro,120.35
2020-08-20,Photovoltaic,99.33
2020-08-20,Wind,12.78
2020-08-21,Biomass,49.95
2020-08-21,Geothermal,15.47
2020-08-21,Hydro,120.88
2020-08-21,Photovoltaic,96.57
2020-08-21,Wind,10.78
2020-08-22,Biomass,45.74
2020-08-22,Geothermal,15.33
2020-08-22,Hydro,110.72
2020-08-22,Photovoltaic,96.25
2020-08-22,Wind,18.3
2020-08-23,Biomass,42.41
2020-08-23,Geothermal,15.43
2020-08-23,Hydro,95.78
2020-08-23,Photovoltaic,89.95
2020-08-23,Wind,35.27
2020-08-24,Biomass,53.33
2020-08-24,Geothermal,15.45
2020-08-24,Hydro,151.47
2020-08-24,Photovoltaic,86.98
2020-08-24,Wind,32.68
2020-08-25,Biomass,55.1
2020-08-25,Geothermal,15.25
2020-08-25,Hydro,128.52
2020-08-25,Photovoltaic,94.12
2020-08-25,Wind,45.68
2020-08-26,Biomass,55.4
2020-08-26,Geothermal,15.44
2020-08-26,Hydro,138.55
2020-08-26,Photovoltaic,91.65
2020-08-26,Wind,32.18
2020-08-27,Biomass,58.32
2020-08-27,Geothermal,15.13
2020-08-27,Hydro,158.0
2020-08-27,Photovoltaic,86.5
2020-08-27,Wind,38.25
2020-08-28,Biomass,55.36
2020-08-28,Geothermal,15.44
2020-08-28,Hydro,124.59
2020-08-28,Photovoltaic,85.36
2020-08-28,Wind,29.04
2020-08-29,Biomass,45.72
2020-08-29,Geothermal,15.28
2020-08-29,Hydro,128.16
2020-08-29,Photovoltaic,72.16
2020-08-29,Wind,62.03
2020-08-30,Biomass,41.31
2020-08-30,Geothermal,15.39
2020-08-30,Hydro,144.5
2020-08-30,Photovoltaic,69.96
2020-08-30,Wind,64.82
2020-08-31,Biomass,53.01
2020-08-31,Geothermal,15.66
2020-08-31,Hydro,177.1
2020-08-31,Photovoltaic,46.42
2020-08-31,Wind,55.81
2020-09-01,Biomass,51.95
2020-09-01,Geothermal,15.68
2020-09-01,Hydro,166.21
2020-09-01,Photovoltaic,95.11
2020-09-01,Wind,48.51
2020-09-02,Biomass,53.62
2020-09-02,Geothermal,15.54
2020-09-02,Hydro,179.52
2020-09-02,Photovoltaic,70.34
2020-09-02,Wind,9.05
2020-09-03,Biomass,48.76
2020-09-03,Geothermal,15.23
2020-09-03,Hydro,170.42
2020-09-03,Photovoltaic,86.63
2020-09-03,Wind,17.47
2020-09-04,Biomass,47.88
2020-09-04,Geothermal,15.35
2020-09-04,Hydro,158.33
2020-09-04,Photovoltaic,93.71
2020-09-04,Wind,51.86
2020-09-05,Biomass,37.8
2020-09-05,Geothermal,15.54
2020-09-05,Hydro,140.93
2020-09-05,Photovoltaic,94.9
2020-09-05,Wind,20.76
2020-09-06,Biomass,37.99
2020-09-06,Geothermal,15.51
2020-09-06,Hydro,139.4
2020-09-06,Photovoltaic,86.72
2020-09-06,Wind,19.28
2020-09-07,Biomass,49.04
2020-09-07,Geothermal,15.44
2020-09-07,Hydro,162.03
2020-09-07,Photovoltaic,73.69
2020-09-07,Wind,19.23
2020-09-08,Biomass,47.98
2020-09-08,Geothermal,15.43
2020-09-08,Hydro,142.25
2020-09-08,Photovoltaic,84.26
2020-09-08,Wind,47.95
2020-09-09,Biomass,49.39
2020-09-09,Geothermal,15.35
2020-09-09,Hydro,156.95
2020-09-09,Photovoltaic,89.14
2020-09-09,Wind,24.42
2020-09-10,Biomass,50.22
2020-09-10,Geothermal,15.15
2020-09-10,Hydro,153.48
2020-09-10,Photovoltaic,75.54
2020-09-10,Wind,17.25
2020-09-11,Biomass,48.28
2020-09-11,Geothermal,15.18
2020-09-11,Hydro,159.27
2020-09-11,Photovoltaic,67.68
2020-09-11,Wind,27.34
2020-09-12,Biomass,42.22
2020-09-12,Geothermal,15.28
2020-09-12,Hydro,112.74
2020-09-12,Photovoltaic,84.95
2020-09-12,Wind,30.45
2020-09-13,Biomass,37.63
2020-09-13,Geothermal,15.36
2020-09-13,Hydro,108.71
2020-09-13,Photovoltaic,82.62
2020-09-13,Wind,59.91
2020-09-14,Biomass,48.43
2020-09-14,Geothermal,14.52
2020-09-14,Hydro,151.83
2020-09-14,Photovoltaic,77.89
2020-09-14,Wind,46.69
2020-09-15,Biomass,56.13
2020-09-15,Geothermal,14.36
2020-09-15,Hydro,149.93
2020-09-15,Photovoltaic,79.66
2020-09-15,Wind,27.38
2020-09-16,Biomass,55.12
2020-09-16,Geothermal,14.43
2020-09-16,Hydro,136.38
2020-09-16,Photovoltaic,77.05
2020-09-16,Wind,29.12
2020-09-17,Biomass,51.77
2020-09-17,Geothermal,14.37
2020-09-17,Hydro,131.36
2020-09-17,Photovoltaic,72.06
2020-09-17,Wind,69.19
2020-09-18,Biomass,51.61
2020-09-18,Geothermal,14.33
2020-09-18,Hydro,113.04
2020-09-18,Photovoltaic,79.34
2020-09-18,Wind,88.4
2020-09-19,Biomass,45.63
2020-09-19,Geothermal,14.75
2020-09-19,Hydro,92.68
2020-09-19,Photovoltaic,71.4
2020-09-19,Wind,30.0
2020-09-20,Biomass,40.03
2020-09-20,Geothermal,14.7
2020-09-20,Hydro,82.32
2020-09-20,Photovoltaic,65.44
2020-09-20,Wind,12.12
2020-09-21,Biomass,52.89
2020-09-21,Geothermal,14.72
2020-09-21,Hydro,138.99
2020-09-21,Photovoltaic,64.04
2020-09-21,Wind,14.3
2020-09-22,Biomass,56.3
2020-09-22,Geothermal,14.81
2020-09-22,Hydro,133.56
2020-09-22,Photovoltaic,49.61
2020-09-22,Wind,27.36
2020-09-23,Biomass,53.79
2020-09-23,Geothermal,14.82
2020-09-23,Hydro,124.18
2020-09-23,Photovoltaic,60.47
2020-09-23,Wind,61.61
2020-09-24,Biomass,53.78
2020-09-24,Geothermal,14.48
2020-09-24,Hydro,121.09
2020-09-24,Photovoltaic,64.9
2020-09-24,Wind,61.38
2020-09-25,Biomass,46.46
2020-09-25,Geothermal,15.4
2020-09-25,Hydro,129.95
2020-09-25,Photovoltaic,59.33
2020-09-25,Wind,129.28
2020-09-26,Biomass,35.86
2020-09-26,Geothermal,15.85
2020-09-26,Hydro,114.25
2020-09-26,Photovoltaic,69.11
2020-09-26,Wind,124.28
2020-09-27,Biomass,32.13
2020-09-27,Geothermal,15.93
2020-09-27,Hydro,103.93
2020-09-27,Photovoltaic,42.51
2020-09-27,Wind,96.43
2020-09-28,Biomass,47.25
2020-09-28,Geothermal,15.62
2020-09-28,Hydro,134.88
2020-09-28,Photovoltaic,59.08
2020-09-28,Wind,90.88
2020-09-29,Biomass,50.36
2020-09-29,Geothermal,15.27
2020-09-29,Hydro,133.9
2020-09-29,Photovoltaic,82.0
2020-09-29,Wind,40.22
2020-09-30,Biomass,49.48
2020-09-30,Geothermal,15.36
2020-09-30,Hydro,105.85
2020-09-30,Photovoltaic,76.51
2020-09-30,Wind,10.32
2020-10-01,Biomass,64.78
2020-10-01,Geothermal,15.13
2020-10-01,Hydro,109.53
2020-10-01,Photovoltaic,52.12
2020-10-01,Wind,25.48
2020-10-02,Biomass,56.71
2020-10-02,Geothermal,14.88
2020-10-02,Hydro,137.18
2020-10-02,Photovoltaic,40.95
2020-10-02,Wind,66.75
2020-10-03,Biomass,38.62
2020-10-03,Geothermal,15.34
2020-10-03,Hydro,152.52
2020-10-03,Photovoltaic,39.18
2020-10-03,Wind,112.71
2020-10-04,Biomass,34.35
2020-10-04,Geothermal,15.4
2020-10-04,Hydro,147.13
2020-10-04,Photovoltaic,64.38
2020-10-04,Wind,54.93
2020-10-05,Biomass,48.78
2020-10-05,Geothermal,15.36
2020-10-05,Hydro,171.65
2020-10-05,Photovoltaic,52.46
2020-10-05,Wind,54.79
2020-10-06,Biomass,47.31
2020-10-06,Geothermal,15.35
2020-10-06,Hydro,174.51
2020-10-06,Photovoltaic,61.48
2020-10-06,Wind,52.79
2020-10-07,Biomass,54.78
2020-10-07,Geothermal,15.35
2020-10-07,Hydro,168.47
2020-10-07,Photovoltaic,48.97
2020-10-07,Wind,91.2
2020-10-08,Biomass,49.79
2020-10-08,Geothermal,15.36
2020-10-08,Hydro,161.71
2020-10-08,Photovoltaic,78.9
2020-10-08,Wind,90.48
2020-10-09,Biomass,52.94
2020-10-09,Geothermal,15.3
2020-10-09,Hydro,180.09
2020-10-09,Photovoltaic,68.3
2020-10-09,Wind,32.88
2020-10-10,Biomass,45.11
2020-10-10,Geothermal,15.36
2020-10-10,Hydro,134.0
2020-10-10,Photovoltaic,70.21
2020-10-10,Wind,21.26
2020-10-11,Biomass,41.28
2020-10-11,Geothermal,15.17
2020-10-11,Hydro,141.82
2020-10-11,Photovoltaic,35.48
2020-10-11,Wind,62.61
2020-10-12,Biomass,54.44
2020-10-12,Geothermal,15.42
2020-10-12,Hydro,167.9
2020-10-12,Photovoltaic,40.2
2020-10-12,Wind,59.85
2020-10-13,Biomass,52.36
2020-10-13,Geothermal,15.35
2020-10-13,Hydro,153.67
2020-10-13,Photovoltaic,69.75
2020-10-13,Wind,61.29
2020-10-14,Biomass,49.2
2020-10-14,Geothermal,15.34
2020-10-14,Hydro,151.58
2020-10-14,Photovoltaic,49.28
2020-10-14,Wind,78.58
2020-10-15,Biomass,52.74
2020-10-15,Geothermal,15.16
2020-10-15,Hydro,149.82
2020-10-15,Photovoltaic,29.04
2020-10-15,Wind,116.9
2020-10-16,Biomass,50.7
2020-10-16,Geothermal,15.36
2020-10-16,Hydro,163.85
2020-10-16,Photovoltaic,53.65
2020-10-16,Wind,70.0
2020-10-17,Biomass,42.12
2020-10-17,Geothermal,15.46
2020-10-17,Hydro,145.81
2020-10-17,Photovoltaic,66.73
2020-10-17,Wind,24.1
2020-10-18,Biomass,38.98
2020-10-18,Geothermal,15.6
2020-10-18,Hydro,134.18
2020-10-18,Photovoltaic,59.68
2020-10-18,Wind,10.6
2020-10-19,Biomass,53.21
2020-10-19,Geothermal,15.6
2020-10-19,Hydro,147.35
2020-10-19,Photovoltaic,62.03
2020-10-19,Wind,9.44
2020-10-20,Biomass,56.36
2020-10-20,Geothermal,15.58
2020-10-20,Hydro,129.88
2020-10-20,Photovoltaic,57.37
2020-10-20,Wind,8.77
2020-10-21,Biomass,56.78
2020-10-21,Geothermal,15.52
2020-10-21,Hydro,125.85
2020-10-21,Photovoltaic,59.11
2020-10-21,Wind,19.06
2020-10-22,Biomass,58.41
2020-10-22,Geothermal,15.29
2020-10-22,Hydro,142.95
2020-10-22,Photovoltaic,52.39
2020-10-22,Wind,16.0
2020-10-23,Biomass,57.27
2020-10-23,Geothermal,15.6
2020-10-23,Hydro,138.18
2020-10-23,Photovoltaic,32.5
2020-10-23,Wind,21.26
2020-10-24,Biomass,41.17
2020-10-24,Geothermal,15.6
2020-10-24,Hydro,128.34
2020-10-24,Photovoltaic,27.81
2020-10-24,Wind,71.28
2020-10-25,Biomass,39.13
2020-10-25,Geothermal,16.25
2020-10-25,Hydro,121.49
2020-10-25,Photovoltaic,50.38
2020-10-25,Wind,58.48
2020-10-26,Biomass,46.13
2020-10-26,Geothermal,15.1
2020-10-26,Hydro,149.96
2020-10-26,Photovoltaic,39.66
2020-10-26,Wind,78.78
2020-10-27,Biomass,49.12
2020-10-27,Geothermal,15.55
2020-10-27,Hydro,151.72
2020-10-27,Photovoltaic,45.01
2020-10-27,Wind,60.32
2020-10-28,Biomass,46.28
2020-10-28,Geothermal,15.1
2020-10-28,Hydro,151.53
2020-10-28,Photovoltaic,54.6
2020-10-28,Wind,91.15
2020-10-29,Biomass,50.14
2020-10-29,Geothermal,15.36
2020-10-29,Hydro,145.98
2020-10-29,Photovoltaic,52.92
2020-10-29,Wind,53.25
2020-10-30,Biomass,52.12
2020-10-30,Geothermal,15.25
2020-10-30,Hydro,149.53
2020-10-30,Photovoltaic,51.78
2020-10-30,Wind,18.55
2020-10-31,Biomass,41.47
2020-10-31,Geothermal,15.26
2020-10-31,Hydro,129.62
2020-10-31,Photovoltaic,48.82
2020-10-31,Wind,14.59
2020-11-01,Biomass,35.43
2020-11-01,Geothermal,15.25
2020-11-01,Hydro,115.54
2020-11-01,Photovoltaic,45.48
2020-11-01,Wind,25.71
2020-11-02,Biomass,45.66
2020-11-02,Geothermal,15.34
2020-11-02,Hydro,148.65
2020-11-02,Photovoltaic,39.18
2020-11-02,Wind,13.22
2020-11-03,Biomass,50.32
2020-11-03,Geothermal,15.12
2020-11-03,Hydro,139.35
2020-11-03,Photovoltaic,36.96
2020-11-03,Wind,7.9
2020-11-04,Biomass,51.15
2020-11-04,Geothermal,15.12
2020-11-04,Hydro,139.46
2020-11-04,Photovoltaic,34.68
2020-11-04,Wind,6.87
2020-11-05,Biomass,45.97
2020-11-05,Geothermal,15.3
2020-11-05,Hydro,135.17
2020-11-05,Photovoltaic,38.68
2020-11-05,Wind,29.16
2020-11-06,Biomass,44.43
2020-11-06,Geothermal,15.34
2020-11-06,Hydro,146.46
2020-11-06,Photovoltaic,55.24
2020-11-06,Wind,61.29
2020-11-07,Biomass,43.18
2020-11-07,Geothermal,15.24
2020-11-07,Hydro,114.28
2020-11-07,Photovoltaic,60.47
2020-11-07,Wind,28.76
2020-11-08,Biomass,38.51
2020-11-08,Geothermal,15.36
2020-11-08,Hydro,101.16
2020-11-08,Photovoltaic,54.88
2020-11-08,Wind,21.19
2020-11-09,Biomass,48.77
2020-11-09,Geothermal,15.32
2020-11-09,Hydro,131.0
2020-11-09,Photovoltaic,57.31
2020-11-09,Wind,24.84
2020-11-10,Biomass,51.15
2020-11-10,Geothermal,15.31
2020-11-10,Hydro,137.18
2020-11-10,Photovoltaic,48.64
2020-11-10,Wind,18.18
2020-11-11,Biomass,52.55
2020-11-11,Geothermal,15.21
2020-11-11,Hydro,131.5
2020-11-11,Photovoltaic,46.53
2020-11-11,Wind,6.22
2020-11-12,Biomass,52.73
2020-11-12,Geothermal,15.41
2020-11-12,Hydro,146.03
2020-11-12,Photovoltaic,35.25
2020-11-12,Wind,9.81
2020-11-13,Biomass,53.7
2020-11-13,Geothermal,15.52
2020-11-13,Hydro,131.71
2020-11-13,Photovoltaic,31.02
2020-11-13,Wind,5.5
2020-11-14,Biomass,46.78
2020-11-14,Geothermal,15.45
2020-11-14,Hydro,100.37
2020-11-14,Photovoltaic,27.26
2020-11-14,Wind,10.73
2020-11-15,Biomass,43.88
2020-11-15,Geothermal,15.36
2020-11-15,Hydro,83.35
2020-11-15,Photovoltaic,29.84
2020-11-15,Wind,16.18
2020-11-16,Biomass,56.18
2020-11-16,Geothermal,15.43
2020-11-16,Hydro,124.62
2020-11-16,Photovoltaic,21.44
2020-11-16,Wind,44.96
2020-11-17,Biomass,53.86
2020-11-17,Geothermal,15.6
2020-11-17,Hydro,123.36
2020-11-17,Photovoltaic,39.85
2020-11-17,Wind,83.41
2020-11-18,Biomass,56.73
2020-11-18,Geothermal,15.6
2020-11-18,Hydro,111.83
2020-11-18,Photovoltaic,44.79
2020-11-18,Wind,52.72
2020-11-19,Biomass,59.07
2020-11-19,Geothermal,15.55
2020-11-19,Hydro,115.04
2020-11-19,Photovoltaic,44.57
2020-11-19,Wind,21.09
2020-11-20,Biomass,53.89
2020-11-20,Geothermal,15.39
2020-11-20,Hydro,127.86
2020-11-20,Photovoltaic,27.5
2020-11-20,Wind,67.07
2020-11-21,Biomass,43.25
2020-11-21,Geothermal,15.61
2020-11-21,Hydro,98.94
2020-11-21,Photovoltaic,41.18
2020-11-21,Wind,108.84
2020-11-22,Biomass,39.54
2020-11-22,Geothermal,15.63
2020-11-22,Hydro,75.29
2020-11-22,Photovoltaic,45.39
2020-11-22,Wind,73.06
2020-11-23,Biomass,49.47
2020-11-23,Geothermal,15.53
2020-11-23,Hydro,121.5
2020-11-23,Photovoltaic,51.66
2020-11-23,Wind,23.06
2020-11-24,Biomass,53.21
2020-11-24,Geothermal,15.49
2020-11-24,Hydro,107.52
2020-11-24,Photovoltaic,38.51
2020-11-24,Wind,36.01
2020-11-25,Biomass,53.45
2020-11-25,Geothermal,15.42
2020-11-25,Hydro,111.07
2020-11-25,Photovoltaic,45.0
2020-11-25,Wind,12.11
2020-11-26,Biomass,54.56
2020-11-26,Geothermal,15.58
2020-11-26,Hydro,124.26
2020-11-26,Photovoltaic,40.84
2020-11-26,Wind,13.38
2020-11-27,Biomass,56.34
2020-11-27,Geothermal,15.55
2020-11-27,Hydro,141.21
2020-11-27,Photovoltaic,29.56
2020-11-27,Wind,26.66
2020-11-28,Biomass,49.84
2020-11-28,Geothermal,15.44
2020-11-28,Hydro,79.53
2020-11-28,Photovoltaic,16.28
2020-11-28,Wind,62.73
2020-11-29,Biomass,42.96
2020-11-29,Geothermal,15.55
2020-11-29,Hydro,64.66
2020-11-29,Photovoltaic,20.05
2020-11-29,Wind,66.07
2020-11-30,Biomass,56.99
2020-11-30,Geothermal,15.15
2020-11-30,Hydro,95.06
2020-11-30,Photovoltaic,41.85
2020-11-30,Wind,75.03
2020-12-01,Biomass,56.82
2020-12-01,Geothermal,15.65
2020-12-01,Hydro,113.89
2020-12-01,Photovoltaic,25.46
2020-12-01,Wind,29.89
2020-12-02,Biomass,59.26
2020-12-02,Geothermal,15.73
2020-12-02,Hydro,151.91
2020-12-02,Photovoltaic,13.57
2020-12-02,Wind,77.41
2020-12-03,Biomass,60.09
2020-12-03,Geothermal,15.25
2020-12-03,Hydro,126.5
2020-12-03,Photovoltaic,18.8
2020-12-03,Wind,50.32
2020-12-04,Biomass,57.24
2020-12-04,Geothermal,15.64
2020-12-04,Hydro,115.56
2020-12-04,Photovoltaic,18.98
2020-12-04,Wind,80.6
2020-12-05,Biomass,41.74
2020-12-05,Geothermal,15.57
2020-12-05,Hydro,93.36
2020-12-05,Photovoltaic,18.84
2020-12-05,Wind,118.37
2020-12-06,Biomass,41.98
2020-12-06,Geothermal,15.71
2020-12-06,Hydro,100.6
2020-12-06,Photovoltaic,9.22
2020-12-06,Wind,114.3
2020-12-07,Biomass,51.14
2020-12-07,Geothermal,15.73
2020-12-07,Hydro,159.13
2020-12-07,Photovoltaic,28.57
2020-12-07,Wind,77.77
2020-12-08,Biomass,55.86
2020-12-08,Geothermal,15.61
2020-12-08,Hydro,145.93
2020-12-08,Photovoltaic,14.05
2020-12-08,Wind,115.34
2020-12-09,Biomass,62.86
2020-12-09,Geothermal,15.66
2020-12-09,Hydro,169.34
2020-12-09,Photovoltaic,15.12
2020-12-09,Wind,102.44
2020-12-10,Biomass,65.04
2020-12-10,Geothermal,15.37
2020-12-10,Hydro,151.73
2020-12-10,Photovoltaic,23.03
2020-12-10,Wind,69.15
2020-12-11,Biomass,62.14
2020-12-11,Geothermal,15.82
2020-12-11,Hydro,131.5
2020-12-11,Photovoltaic,22.9
2020-12-11,Wind,32.18
2020-12-12,Biomass,48.45
2020-12-12,Geothermal,15.61
2020-12-12,Hydro,109.72
2020-12-12,Photovoltaic,20.29
2020-12-12,Wind,24.19
2020-12-13,Biomass,39.93
2020-12-13,Geothermal,15.64
2020-12-13,Hydro,92.89
2020-12-13,Photovoltaic,37.07
2020-12-13,Wind,112.33
2020-12-14,Biomass,53.52
2020-12-14,Geothermal,15.27
2020-12-14,Hydro,123.13
2020-12-14,Photovoltaic,40.73
2020-12-14,Wind,102.12
2020-12-15,Biomass,61.08
2020-12-15,Geothermal,15.14
2020-12-15,Hydro,136.61
2020-12-15,Photovoltaic,28.86
2020-12-15,Wind,19.8
2020-12-16,Biomass,59.45
2020-12-16,Geothermal,15.35
2020-12-16,Hydro,156.19
2020-12-16,Photovoltaic,29.38
2020-12-16,Wind,9.5
2020-12-17,Biomass,60.44
2020-12-17,Geothermal,15.39
2020-12-17,Hydro,149.88
2020-12-17,Photovoltaic,28.22
2020-12-17,Wind,4.58
2020-12-18,Biomass,57.62
2020-12-18,Geothermal,15.52
2020-12-18,Hydro,149.57
2020-12-18,Photovoltaic,27.83
2020-12-18,Wind,8.79
2020-12-19,Biomass,47.71
2020-12-19,Geothermal,15.6
2020-12-19,Hydro,90.57
2020-12-19,Photovoltaic,21.34
2020-12-19,Wind,12.58
2020-12-20,Biomass,44.47
2020-12-20,Geothermal,15.52
2020-12-20,Hydro,75.63
2020-12-20,Photovoltaic,19.52
2020-12-20,Wind,14.74
2020-12-21,Biomass,54.12
2020-12-21,Geothermal,15.58
2020-12-21,Hydro,117.59
2020-12-21,Photovoltaic,21.35
2020-12-21,Wind,10.14
2020-12-22,Biomass,52.71
2020-12-22,Geothermal,15.41
2020-12-22,Hydro,103.18
2020-12-22,Photovoltaic,26.06
2020-12-22,Wind,19.72
2020-12-23,Biomass,48.38
2020-12-23,Geothermal,14.87
2020-12-23,Hydro,111.71
2020-12-23,Photovoltaic,22.59
2020-12-23,Wind,38.63
2020-12-24,Biomass,37.37
2020-12-24,Geothermal,14.99
2020-12-24,Hydro,96.86
2020-12-24,Photovoltaic,21.04
2020-12-24,Wind,95.8
2020-12-25,Biomass,40.78
2020-12-25,Geothermal,15.12
2020-12-25,Hydro,83.49
2020-12-25,Photovoltaic,19.66
2020-12-25,Wind,98.17
2020-12-26,Biomass,40.63
2020-12-26,Geothermal,15.12
2020-12-26,Hydro,77.68
2020-12-26,Photovoltaic,27.72
2020-12-26,Wind,43.61
2020-12-27,Biomass,36.66
2020-12-27,Geothermal,14.94
2020-12-27,Hydro,74.39
2020-12-27,Photovoltaic,34.67
2020-12-27,Wind,96.28
2020-12-28,Biomass,42.4
2020-12-28,Geothermal,14.65
2020-12-28,Hydro,104.37
2020-12-28,Photovoltaic,16.09
2020-12-28,Wind,154.08
2020-12-29,Biomass,48.38
2020-12-29,Geothermal,14.63
2020-12-29,Hydro,112.75
2020-12-29,Photovoltaic,23.61
2020-12-29,Wind,106.1
2020-12-30,Biomass,43.31
2020-12-30,Geothermal,14.64
2020-12-30,Hydro,117.84
2020-12-30,Photovoltaic,22.09
2020-12-30,Wind,86.18
2020-12-31,Biomass,40.75
2020-12-31,Geothermal,14.68
2020-12-31,Hydro,101.3
2020-12-31,Photovoltaic,43.12
2020-12-31,Wind,74.49
2021-01-01,Biomass,39.93
2021-01-01,Geothermal,14.51
2021-01-01,Hydro,90.33
2021-01-01,Photovoltaic,19.24
2021-01-01,Wind,72.97
2021-01-02,Biomass,39.17
2021-01-02,Geothermal,14.85
2021-01-02,Hydro,105.7
2021-01-02,Photovoltaic,15.19
2021-01-02,Wind,108.79
2021-01-03,Biomass,39.24
2021-01-03,Geothermal,14.88
2021-01-03,Hydro,96.66
2021-01-03,Photovoltaic,22.71
2021-01-03,Wind,77.58
2021-01-04,Biomass,48.26
2021-01-04,Geothermal,14.88
2021-01-04,Hydro,138.85
2021-01-04,Photovoltaic,25.43
2021-01-04,Wind,43.23
2021-01-05,Biomass,50.84
2021-01-05,Geothermal,14.87
2021-01-05,Hydro,138.86
2021-01-05,Photovoltaic,17.89
2021-01-05,Wind,79.59
2021-01-06,Biomass,48.53
2021-01-06,Geothermal,14.88
2021-01-06,Hydro,116.42
2021-01-06,Photovoltaic,20.28
2021-01-06,Wind,74.26
2021-01-07,Biomass,56.58
2021-01-07,Geothermal,14.88
2021-01-07,Hydro,154.93
2021-01-07,Photovoltaic,16.8
2021-01-07,Wind,31.88
2021-01-08,Biomass,59.03
2021-01-08,Geothermal,14.88
2021-01-08,Hydro,144.86
2021-01-08,Photovoltaic,28.9
2021-01-08,Wind,48.36
2021-01-09,Biomass,47.53
2021-01-09,Geothermal,14.88
2021-01-09,Hydro,111.52
2021-01-09,Photovoltaic,12.41
2021-01-09,Wind,61.92
2021-01-10,Biomass,49.36
2021-01-10,Geothermal,14.89
2021-01-10,Hydro,90.24
2021-01-10,Photovoltaic,10.94
2021-01-10,Wind,52.24
2021-01-11,Biomass,63.27
2021-01-11,Geothermal,15.01
2021-01-11,Hydro,128.76
2021-01-11,Photovoltaic,32.31
2021-01-11,Wind,34.91
2021-01-12,Biomass,57.17
2021-01-12,Geothermal,14.98
2021-01-12,Hydro,121.2
2021-01-12,Photovoltaic,40.54
2021-01-12,Wind,48.65
2021-01-13,Biomass,55.45
2021-01-13,Geothermal,14.72
2021-01-13,Hydro,140.42
2021-01-13,Photovoltaic,50.04
2021-01-13,Wind,86.3
2021-01-14,Biomass,60.62
2021-01-14,Geothermal,14.76
2021-01-14,Hydro,140.59
2021-01-14,Photovoltaic,43.31
2021-01-14,Wind,110.1
2021-01-15,Biomass,62.81
2021-01-15,Geothermal,14.88
2021-01-15,Hydro,136.87
2021-01-15,Photovoltaic,21.25
2021-01-15,Wind,61.16
2021-01-16,Biomass,45.64
2021-01-16,Geothermal,15.07
2021-01-16,Hydro,107.69
2021-01-16,Photovoltaic,46.69
2021-01-16,Wind,94.58
2021-01-17,Biomass,45.72
2021-01-17,Geothermal,15.1
2021-01-17,Hydro,90.92
2021-01-17,Photovoltaic,20.82
2021-01-17,Wind,62.83
2021-01-18,Biomass,62.13
2021-01-18,Geothermal,15.09
2021-01-18,Hydro,128.85
2021-01-18,Photovoltaic,44.18
2021-01-18,Wind,65.8
2021-01-19,Biomass,63.93
2021-01-19,Geothermal,14.98
2021-01-19,Hydro,118.41
2021-01-19,Photovoltaic,38.22
2021-01-19,Wind,47.55
2021-01-20,Biomass,62.95
2021-01-20,Geothermal,14.89
2021-01-20,Hydro,106.91
2021-01-20,Photovoltaic,28.34
2021-01-20,Wind,81.08
2021-01-21,Biomass,55.02
2021-01-21,Geothermal,14.81
2021-01-21,Hydro,112.69
2021-01-21,Photovoltaic,17.78
2021-01-21,Wind,94.5
2021-01-22,Biomass,49.49
2021-01-22,Geothermal,15.14
2021-01-22,Hydro,126.14
2021-01-22,Photovoltaic,14.14
2021-01-22,Wind,136.1
2021-01-23,Biomass,36.37
2021-01-23,Geothermal,15.31
2021-01-23,Hydro,107.42
2021-01-23,Photovoltaic,27.9
2021-01-23,Wind,158.86
2021-01-24,Biomass,33.62
2021-01-24,Geothermal,15.36
2021-01-24,Hydro,104.13
2021-01-24,Photovoltaic,18.17
2021-01-24,Wind,140.0
2021-01-25,Biomass,51.84
2021-01-25,Geothermal,15.26
2021-01-25,Hydro,142.37
2021-01-25,Photovoltaic,30.07
2021-01-25,Wind,132.6
2021-01-26,Biomass,56.37
2021-01-26,Geothermal,14.84
2021-01-26,Hydro,140.4
2021-01-26,Photovoltaic,60.24
2021-01-26,Wind,128.07
2021-01-27,Biomass,60.75
2021-01-27,Geothermal,15.1
2021-01-27,Hydro,133.89
2021-01-27,Photovoltaic,42.41
2021-01-27,Wind,52.55
2021-01-28,Biomass,55.75
2021-01-28,Geothermal,15.19
2021-01-28,Hydro,131.89
2021-01-28,Photovoltaic,42.07
2021-01-28,Wind,70.14
2021-01-29,Biomass,47.01
2021-01-29,Geothermal,15.31
2021-01-29,Hydro,134.22
2021-01-29,Photovoltaic,25.64
2021-01-29,Wind,136.5
2021-01-30,Biomass,39.38
2021-01-30,Geothermal,15.28
2021-01-30,Hydro,101.02
2021-01-30,Photovoltaic,45.37
2021-01-30,Wind,105.36
2021-01-31,Biomass,36.73
2021-01-31,Geothermal,15.47
2021-01-31,Hydro,95.1
2021-01-31,Photovoltaic,22.86
2021-01-31,Wind,116.74
2021-02-01,Biomass,54.4
2021-02-01,Geothermal,15.6
2021-02-01,Hydro,142.28
2021-02-01,Photovoltaic,28.74
2021-02-01,Wind,66.85
2021-02-02,Biomass,59.59
2021-02-02,Geothermal,15.46
2021-02-02,Hydro,124.73
2021-02-02,Photovoltaic,46.08
2021-02-02,Wind,33.76
2021-02-03,Biomass,58.5
2021-02-03,Geothermal,15.33
2021-02-03,Hydro,135.34
2021-02-03,Photovoltaic,33.57
2021-02-03,Wind,76.98
2021-02-04,Biomass,57.69
2021-02-04,Geothermal,15.33
2021-02-04,Hydro,135.29
2021-02-04,Photovoltaic,31.44
2021-02-04,Wind,56.77
2021-02-05,Biomass,54.01
2021-02-05,Geothermal,15.49
2021-02-05,Hydro,152.81
2021-02-05,Photovoltaic,36.62
2021-02-05,Wind,41.3
2021-02-06,Biomass,39.73
2021-02-06,Geothermal,15.45
2021-02-06,Hydro,110.4
2021-02-06,Photovoltaic,36.37
2021-02-06,Wind,55.91
2021-02-07,Biomass,34.15
2021-02-07,Geothermal,15.44
2021-02-07,Hydro,84.04
2021-02-07,Photovoltaic,14.44
2021-02-07,Wind,101.22
2021-02-08,Biomass,43.94
2021-02-08,Geothermal,15.26
2021-02-08,Hydro,137.18
2021-02-08,Photovoltaic,49.51
2021-02-08,Wind,141.54
2021-02-09,Biomass,50.84
2021-02-09,Geothermal,15.12
2021-02-09,Hydro,153.2
2021-02-09,Photovoltaic,34.77
2021-02-09,Wind,142.89
2021-02-10,Biomass,57.89
2021-02-10,Geothermal,15.41
2021-02-10,Hydro,164.51
2021-02-10,Photovoltaic,28.06
2021-02-10,Wind,134.46
2021-02-11,Biomass,61.99
2021-02-11,Geothermal,15.32
2021-02-11,Hydro,181.13
2021-02-11,Photovoltaic,61.8
2021-02-11,Wind,89.6
2021-02-12,Biomass,61.74
2021-02-12,Geothermal,15.45
2021-02-12,Hydro,155.42
2021-02-12,Photovoltaic,27.06
2021-02-12,Wind,26.82
2021-02-13,Biomass,44.79
2021-02-13,Geothermal,15.2
2021-02-13,Hydro,126.99
2021-02-13,Photovoltaic,34.96
2021-02-13,Wind,81.72
2021-02-14,Biomass,39.1
2021-02-14,Geothermal,14.79
2021-02-14,Hydro,100.52
2021-02-14,Photovoltaic,68.19
2021-02-14,Wind,132.65
2021-02-15,Biomass,52.13
2021-02-15,Geothermal,14.97
2021-02-15,Hydro,143.38
2021-02-15,Photovoltaic,72.99
2021-02-15,Wind,98.7
2021-02-16,Biomass,57.52
2021-02-16,Geothermal,14.88
2021-02-16,Hydro,143.58
2021-02-16,Photovoltaic,57.1
2021-02-16,Wind,46.23
2021-02-17,Biomass,57.92
2021-02-17,Geothermal,14.87
2021-02-17,Hydro,146.09
2021-02-17,Photovoltaic,49.44
2021-02-17,Wind,35.81
2021-02-18,Biomass,55.72
2021-02-18,Geothermal,14.86
2021-02-18,Hydro,135.38
2021-02-18,Photovoltaic,52.93
2021-02-18,Wind,10.89
2021-02-19,Biomass,53.31
2021-02-19,Geothermal,15.12
2021-02-19,Hydro,135.05
2021-02-19,Photovoltaic,49.06
2021-02-19,Wind,27.04
2021-02-20,Biomass,42.64
2021-02-20,Geothermal,15.13
2021-02-20,Hydro,103.28
2021-02-20,Photovoltaic,57.05
2021-02-20,Wind,17.06
2021-02-21,Biomass,35.96
2021-02-21,Geothermal,15.16
2021-02-21,Hydro,83.24
2021-02-21,Photovoltaic,56.42
2021-02-21,Wind,33.86
2021-02-22,Biomass,52.54
2021-02-22,Geothermal,15.23
2021-02-22,Hydro,116.71
2021-02-22,Photovoltaic,50.2
2021-02-22,Wind,32.44
2021-02-23,Biomass,54.65
2021-02-23,Geothermal,15.35
2021-02-23,Hydro,119.92
2021-02-23,Photovoltaic,66.33
2021-02-23,Wind,31.61
2021-02-24,Biomass,52.68
2021-02-24,Geothermal,15.2
2021-02-24,Hydro,113.53
2021-02-24,Photovoltaic,76.92
2021-02-24,Wind,52.48
2021-02-25,Biomass,53.89
2021-02-25,Geothermal,15.36
2021-02-25,Hydro,133.0
2021-02-25,Photovoltaic,77.6
2021-02-25,Wind,15.46
2021-02-26,Biomass,50.98
2021-02-26,Geothermal,15.26
2021-02-26,Hydro,130.43
2021-02-26,Photovoltaic,76.71
2021-02-26,Wind,5.26
2021-02-27,Biomass,43.63
2021-02-27,Geothermal,15.45
2021-02-27,Hydro,102.36
2021-02-27,Photovoltaic,68.03
2021-02-27,Wind,30.52
2021-02-28,Biomass,36.32
2021-02-28,Geothermal,15.36
2021-02-28,Hydro,80.88
2021-02-28,Photovoltaic,80.95
2021-02-28,Wind,79.42
2021-03-01,Biomass,52.05
2021-03-01,Geothermal,15.23
2021-03-01,Hydro,126.12
2021-03-01,Photovoltaic,83.83
2021-03-01,Wind,46.93
2021-03-02,Biomass,53.1
2021-03-02,Geothermal,15.16
2021-03-02,Hydro,123.62
2021-03-02,Photovoltaic,82.23
2021-03-02,Wind,39.52
2021-03-03,Biomass,54.47
2021-03-03,Geothermal,15.33
2021-03-03,Hydro,124.06
2021-03-03,Photovoltaic,76.2
2021-03-03,Wind,12.04
2021-03-04,Biomass,57.41
2021-03-04,Geothermal,15.34
2021-03-04,Hydro,115.36
2021-03-04,Photovoltaic,72.38
2021-03-04,Wind,34.63
2021-03-05,Biomass,54.89
2021-03-05,Geothermal,15.36
2021-03-05,Hydro,112.33
2021-03-05,Photovoltaic,54.99
2021-03-05,Wind,35.15
2021-03-06,Biomass,46.6
2021-03-06,Geothermal,15.47
2021-03-06,Hydro,104.03
2021-03-06,Photovoltaic,55.7
2021-03-06,Wind,31.92
2021-03-07,Biomass,46.1
2021-03-07,Geothermal,15.5
2021-03-07,Hydro,92.37
2021-03-07,Photovoltaic,63.93
2021-03-07,Wind,21.44
2021-03-08,Biomass,58.21
2021-03-08,Geothermal,15.27
2021-03-08,Hydro,124.57
2021-03-08,Photovoltaic,48.62
2021-03-08,Wind,19.5
2021-03-09,Biomass,64.83
2021-03-09,Geothermal,15.34
2021-03-09,Hydro,125.7
2021-03-09,Photovoltaic,52.3
2021-03-09,Wind,31.32
2021-03-10,Biomass,57.42
2021-03-10,Geothermal,15.37
2021-03-10,Hydro,104.82
2021-03-10,Photovoltaic,75.72
2021-03-10,Wind,103.32
2021-03-11,Biomass,57.04
2021-03-11,Geothermal,15.45
2021-03-11,Hydro,119.28
2021-03-11,Photovoltaic,64.24
2021-03-11,Wind,90.0
2021-03-12,Biomass,53.99
2021-03-12,Geothermal,15.36
2021-03-12,Hydro,119.35
2021-03-12,Photovoltaic,48.57
2021-03-12,Wind,119.58
2021-03-13,Biomass,39.15
2021-03-13,Geothermal,15.36
2021-03-13,Hydro,98.3
2021-03-13,Photovoltaic,77.62
2021-03-13,Wind,87.71
2021-03-14,Biomass,37.07
2021-03-14,Geothermal,15.44
2021-03-14,Hydro,81.45
2021-03-14,Photovoltaic,63.46
2021-03-14,Wind,123.24
2021-03-15,Biomass,45.82
2021-03-15,Geothermal,15.37
2021-03-15,Hydro,102.98
2021-03-15,Photovoltaic,80.38
2021-03-15,Wind,117.1
2021-03-16,Biomass,50.14
2021-03-16,Geothermal,15.15
2021-03-16,Hydro,114.75
2021-03-16,Photovoltaic,77.0
2021-03-16,Wind,62.08
2021-03-17,Biomass,50.42
2021-03-17,Geothermal,15.36
2021-03-17,Hydro,109.09
2021-03-17,Photovoltaic,83.57
2021-03-17,Wind,57.26
2021-03-18,Biomass,56.61
2021-03-18,Geothermal,15.51
2021-03-18,Hydro,112.16
2021-03-18,Photovoltaic,68.63
2021-03-18,Wind,30.62
2021-03-19,Biomass,58.03
2021-03-19,Geothermal,15.58
2021-03-19,Hydro,109.45
2021-03-19,Photovoltaic,74.2
2021-03-19,Wind,20.91
2021-03-20,Biomass,49.76
2021-03-20,Geothermal,15.6
2021-03-20,Hydro,91.74
2021-03-20,Photovoltaic,61.04
2021-03-20,Wind,56.33
2021-03-21,Biomass,39.54
2021-03-21,Geothermal,15.6
2021-03-21,Hydro,76.72
2021-03-21,Photovoltaic,68.32
2021-03-21,Wind,115.96
2021-03-22,Biomass,48.14
2021-03-22,Geothermal,15.5
2021-03-22,Hydro,100.55
2021-03-22,Photovoltaic,81.63
2021-03-22,Wind,127.57
2021-03-23,Biomass,50.79
2021-03-23,Geothermal,15.44
2021-03-23,Hydro,99.54
2021-03-23,Photovoltaic,86.61
2021-03-23,Wind,132.69
2021-03-24,Biomass,50.04
2021-03-24,Geothermal,15.36
2021-03-24,Hydro,97.22
2021-03-24,Photovoltaic,91.2
2021-03-24,Wind,85.12
2021-03-25,Biomass,51.77
2021-03-25,Geothermal,15.12
2021-03-25,Hydro,99.89
2021-03-25,Photovoltaic,94.63
2021-03-25,Wind,41.91
2021-03-26,Biomass,52.2
2021-03-26,Geothermal,15.12
2021-03-26,Hydro,99.78
2021-03-26,Photovoltaic,91.1
2021-03-26,Wind,27.18
2021-03-27,Biomass,43.4
2021-03-27,Geothermal,15.12
2021-03-27,Hydro,85.96
2021-03-27,Photovoltaic,63.44
2021-03-27,Wind,47.96
2021-03-28,Biomass,38.92
2021-03-28,Geothermal,14.49
2021-03-28,Hydro,80.88
2021-03-28,Photovoltaic,88.24
2021-03-28,Wind,9.0
2021-03-29,Biomass,51.38
2021-03-29,Geothermal,15.12
2021-03-29,Hydro,97.98
2021-03-29,Photovoltaic,93.11
2021-03-29,Wind,22.6
2021-03-30,Biomass,47.03
2021-03-30,Geothermal,15.17
2021-03-30,Hydro,101.26
2021-03-30,Photovoltaic,98.9
2021-03-30,Wind,56.59
2021-03-31,Biomass,48.71
2021-03-31,Geothermal,15.34
2021-03-31,Hydro,109.68
2021-03-31,Photovoltaic,97.94
2021-03-31,Wind,29.43
2021-04-01,Biomass,48.51
2021-04-01,Geothermal,15.35
2021-04-01,Hydro,122.9
2021-04-01,Photovoltaic,97.39
2021-04-01,Wind,20.72
2021-04-02,Biomass,40.86
2021-04-02,Geothermal,15.22
2021-04-02,Hydro,133.88
2021-04-02,Photovoltaic,100.1
2021-04-02,Wind,47.49
2021-04-03,Biomass,37.26
2021-04-03,Geothermal,15.12
2021-04-03,Hydro,132.12
2021-04-03,Photovoltaic,71.9
2021-04-03,Wind,69.12
2021-04-04,Biomass,35.33
2021-04-04,Geothermal,15.53
2021-04-04,Hydro,110.83
2021-04-04,Photovoltaic,87.0
2021-04-04,Wind,84.66
2021-04-05,Biomass,38.16
2021-04-05,Geothermal,15.54
2021-04-05,Hydro,112.32
2021-04-05,Photovoltaic,90.73
2021-04-05,Wind,35.02
2021-04-06,Biomass,45.44
2021-04-06,Geothermal,15.31
2021-04-06,Hydro,121.04
2021-04-06,Photovoltaic,70.54
2021-04-06,Wind,146.04
2021-04-07,Biomass,54.68
2021-04-07,Geothermal,15.5
2021-04-07,Hydro,128.5
2021-04-07,Photovoltaic,80.7
2021-04-07,Wind,105.35
2021-04-08,Biomass,54.24
2021-04-08,Geothermal,15.43
2021-04-08,Hydro,119.06
2021-04-08,Photovoltaic,113.78
2021-04-08,Wind,66.56
2021-04-09,Biomass,55.98
2021-04-09,Geothermal,15.39
2021-04-09,Hydro,114.47
2021-04-09,Photovoltaic,98.59
2021-04-09,Wind,26.78
2021-04-10,Biomass,47.79
2021-04-10,Geothermal,15.46
2021-04-10,Hydro,88.59
2021-04-10,Photovoltaic,58.71
2021-04-10,Wind,50.06
2021-04-11,Biomass,37.95
2021-04-11,Geothermal,15.27
2021-04-11,Hydro,84.74
2021-04-11,Photovoltaic,36.11
2021-04-11,Wind,58.2
2021-04-12,Biomass,54.96
2021-04-12,Geothermal,14.92
2021-04-12,Hydro,138.13
2021-04-12,Photovoltaic,38.19
2021-04-12,Wind,64.57
2021-04-13,Biomass,57.26
2021-04-13,Geothermal,14.94
2021-04-13,Hydro,140.18
2021-04-13,Photovoltaic,72.96
2021-04-13,Wind,97.95
2021-04-14,Biomass,55.34
2021-04-14,Geothermal,15.36
2021-04-14,Hydro,125.67
2021-04-14,Photovoltaic,92.8
2021-04-14,Wind,50.79
2021-04-15,Biomass,56.93
2021-04-15,Geothermal,15.28
2021-04-15,Hydro,118.49
2021-04-15,Photovoltaic,73.24
2021-04-15,Wind,20.58
2021-04-16,Biomass,53.21
2021-04-16,Geothermal,15.23
2021-04-16,Hydro,110.21
2021-04-16,Photovoltaic,69.9
2021-04-16,Wind,59.42
2021-04-17,Biomass,43.23
2021-04-17,Geothermal,15.36
2021-04-17,Hydro,89.55
2021-04-17,Photovoltaic,85.65
2021-04-17,Wind,65.81
2021-04-18,Biomass,44.26
2021-04-18,Geothermal,15.36
2021-04-18,Hydro,89.12
2021-04-18,Photovoltaic,79.9
2021-04-18,Wind,18.67
2021-04-19,Biomass,59.87
2021-04-19,Geothermal,15.36
2021-04-19,Hydro,113.34
2021-04-19,Photovoltaic,79.67
2021-04-19,Wind,42.57
2021-04-20,Biomass,63.17
2021-04-20,Geothermal,15.18
2021-04-20,Hydro,109.4
2021-04-20,Photovoltaic,96.62
2021-04-20,Wind,27.25
2021-04-21,Biomass,59.22
2021-04-21,Geothermal,15.36
2021-04-21,Hydro,98.31
2021-04-21,Photovoltaic,89.57
2021-04-21,Wind,36.18
2021-04-22,Biomass,57.09
2021-04-22,Geothermal,15.18
2021-04-22,Hydro,82.71
2021-04-22,Photovoltaic,68.38
2021-04-22,Wind,39.74
2021-04-23,Biomass,51.26
2021-04-23,Geothermal,15.31
2021-04-23,Hydro,82.8
2021-04-23,Photovoltaic,81.6
2021-04-23,Wind,55.09
2021-04-24,Biomass,37.75
2021-04-24,Geothermal,15.36
2021-04-24,Hydro,88.32
2021-04-24,Photovoltaic,104.51
2021-04-24,Wind,81.47
2021-04-25,Biomass,36.33
2021-04-25,Geothermal,15.33
2021-04-25,Hydro,92.67
2021-04-25,Photovoltaic,112.3
2021-04-25,Wind,22.17
2021-04-26,Biomass,49.56
2021-04-26,Geothermal,15.32
2021-04-26,Hydro,111.73
2021-04-26,Photovoltaic,66.22
2021-04-26,Wind,43.76
2021-04-27,Biomass,51.12
2021-04-27,Geothermal,15.25
2021-04-27,Hydro,117.78
2021-04-27,Photovoltaic,48.02
2021-04-27,Wind,36.3
2021-04-28,Biomass,53.74
2021-04-28,Geothermal,15.11
2021-04-28,Hydro,112.27
2021-04-28,Photovoltaic,73.26
2021-04-28,Wind,23.64
2021-04-29,Biomass,53.03
2021-04-29,Geothermal,15.36
2021-04-29,Hydro,122.07
2021-04-29,Photovoltaic,51.4
2021-04-29,Wind,34.8
2021-04-30,Biomass,53.64
2021-04-30,Geothermal,15.35
2021-04-30,Hydro,133.98
2021-04-30,Photovoltaic,81.98
2021-04-30,Wind,23.71
2021-05-01,Biomass,52.18
2021-05-01,Geothermal,15.46
2021-05-01,Hydro,118.66
2021-05-01,Photovoltaic,43.84
2021-05-01,Wind,88.93
2021-05-02,Biomass,44.07
2021-05-02,Geothermal,15.62
2021-05-02,Hydro,132.87
2021-05-02,Photovoltaic,100.52
2021-05-02,Wind,74.17
2021-05-03,Biomass,56.72
2021-05-03,Geothermal,15.65
2021-05-03,Hydro,148.32
2021-05-03,Photovoltaic,97.09
2021-05-03,Wind,40.89
2021-05-04,Biomass,64.2
2021-05-04,Geothermal,15.55
2021-05-04,Hydro,152.3
2021-05-04,Photovoltaic,87.35
2021-05-04,Wind,21.88
2021-05-05,Biomass,56.53
2021-05-05,Geothermal,15.38
2021-05-05,Hydro,144.68
2021-05-05,Photovoltaic,90.84
2021-05-05,Wind,77.94
2021-05-06,Biomass,58.83
2021-05-06,Geothermal,15.45
2021-05-06,Hydro,144.05
2021-05-06,Photovoltaic,100.85
2021-05-06,Wind,84.28
2021-05-07,Biomass,55.2
2021-05-07,Geothermal,15.52
2021-05-07,Hydro,148.88
2021-05-07,Photovoltaic,95.1
2021-05-07,Wind,97.42
2021-05-08,Biomass,44.46
2021-05-08,Geothermal,15.56
2021-05-08,Hydro,127.08
2021-05-08,Photovoltaic,111.16
2021-05-08,Wind,56.61
2021-05-09,Biomass,43.45
2021-05-09,Geothermal,15.47
2021-05-09,Hydro,116.03
2021-05-09,Photovoltaic,114.18
2021-05-09,Wind,25.47
2021-05-10,Biomass,51.43
2021-05-10,Geothermal,14.74
2021-05-10,Hydro,157.31
2021-05-10,Photovoltaic,106.72
2021-05-10,Wind,28.75
2021-05-11,Biomass,56.45
2021-05-11,Geothermal,14.59
2021-05-11,Hydro,186.84
2021-05-11,Photovoltaic,56.47
2021-05-11,Wind,51.75
2021-05-12,Biomass,52.58
2021-05-12,Geothermal,14.64
2021-05-12,Hydro,175.19
2021-05-12,Photovoltaic,94.75
2021-05-12,Wind,112.07
2021-05-13,Biomass,43.98
2021-05-13,Geothermal,14.64
2021-05-13,Hydro,191.74
2021-05-13,Photovoltaic,88.24
2021-05-13,Wind,114.91
2021-05-14,Biomass,41.09
2021-05-14,Geothermal,14.67
2021-05-14,Hydro,206.93
2021-05-14,Photovoltaic,74.02
2021-05-14,Wind,76.94
2021-05-15,Biomass,33.69
2021-05-15,Geothermal,14.77
2021-05-15,Hydro,165.32
2021-05-15,Photovoltaic,89.17
2021-05-15,Wind,80.17
2021-05-16,Biomass,34.81
2021-05-16,Geothermal,14.75
2021-05-16,Hydro,157.03
2021-05-16,Photovoltaic,59.24
2021-05-16,Wind,80.95
2021-05-17,Biomass,46.49
2021-05-17,Geothermal,14.65
2021-05-17,Hydro,182.1
2021-05-17,Photovoltaic,106.6
2021-05-17,Wind,109.79
2021-05-18,Biomass,50.25
2021-05-18,Geothermal,14.88
2021-05-18,Hydro,186.76
2021-05-18,Photovoltaic,110.88
2021-05-18,Wind,67.42
2021-05-19,Biomass,46.96
2021-05-19,Geothermal,14.85
2021-05-19,Hydro,182.68
2021-05-19,Photovoltaic,102.84
2021-05-19,Wind,109.86
2021-05-20,Biomass,47.2
2021-05-20,Geothermal,14.72
2021-05-20,Hydro,176.52
2021-05-20,Photovoltaic,112.83
2021-05-20,Wind,92.02
2021-05-21,Biomass,47.22
2021-05-21,Geothermal,14.66
2021-05-21,Hydro,172.32
2021-05-21,Photovoltaic,110.41
2021-05-21,Wind,44.26
2021-05-22,Biomass,36.16
2021-05-22,Geothermal,14.63
2021-05-22,Hydro,155.93
2021-05-22,Photovoltaic,82.45
2021-05-22,Wind,88.69
2021-05-23,Biomass,36.87
2021-05-23,Geothermal,14.64
2021-05-23,Hydro,135.89
2021-05-23,Photovoltaic,93.66
2021-05-23,Wind,56.0
2021-05-24,Biomass,54.22
2021-05-24,Geothermal,14.64
2021-05-24,Hydro,172.59
2021-05-24,Photovoltaic,57.36
2021-05-24,Wind,57.93
2021-05-25,Biomass,48.68
2021-05-25,Geothermal,14.82
2021-05-25,Hydro,166.7
2021-05-25,Photovoltaic,111.46
2021-05-25,Wind,66.33
2021-05-26,Biomass,50.78
2021-05-26,Geothermal,14.7
2021-05-26,Hydro,176.7
2021-05-26,Photovoltaic,112.52
2021-05-26,Wind,29.34
2021-05-27,Biomass,52.74
2021-05-27,Geothermal,14.59
2021-05-27,Hydro,173.29
2021-05-27,Photovoltaic,108.4
2021-05-27,Wind,29.15
2021-05-28,Biomass,47.99
2021-05-28,Geothermal,14.65
2021-05-28,Hydro,162.73
2021-05-28,Photovoltaic,114.93
2021-05-28,Wind,34.99
2021-05-29,Biomass,39.57
2021-05-29,Geothermal,15.7
2021-05-29,Hydro,145.92
2021-05-29,Photovoltaic,104.76
2021-05-29,Wind,10.86
2021-05-30,Biomass,37.47
2021-05-30,Geothermal,15.84
2021-05-30,Hydro,141.07
2021-05-30,Photovoltaic,95.15
2021-05-30,Wind,43.98
2021-05-31,Biomass,42.42
2021-05-31,Geothermal,14.74
2021-05-31,Hydro,173.35
2021-05-31,Photovoltaic,107.96
2021-05-31,Wind,46.04
2021-06-01,Biomass,39.4
2021-06-01,Geothermal,14.41
2021-06-01,Hydro,164.09
2021-06-01,Photovoltaic,115.71
2021-06-01,Wind,36.15
2021-06-02,Biomass,38.45
2021-06-02,Geothermal,15.44
2021-06-02,Hydro,157.97
2021-06-02,Photovoltaic,97.94
2021-06-02,Wind,14.45
2021-06-03,Biomass,45.12
2021-06-03,Geothermal,15.78
2021-06-03,Hydro,162.16
2021-06-03,Photovoltaic,113.57
2021-06-03,Wind,11.26
2021-06-04,Biomass,48.1
2021-06-04,Geothermal,15.71
2021-06-04,Hydro,176.56
2021-06-04,Photovoltaic,114.36
2021-06-04,Wind,14.04
2021-06-05,Biomass,38.39
2021-06-05,Geothermal,15.7
2021-06-05,Hydro,170.67
2021-06-05,Photovoltaic,80.41
2021-06-05,Wind,43.55
2021-06-06,Biomass,33.47
2021-06-06,Geothermal,15.67
2021-06-06,Hydro,167.14
2021-06-06,Photovoltaic,80.64
2021-06-06,Wind,45.61
2021-06-07,Biomass,48.5
2021-06-07,Geothermal,15.04
2021-06-07,Hydro,197.91
2021-06-07,Photovoltaic,81.39
2021-06-07,Wind,28.06
2021-06-08,Biomass,50.16
2021-06-08,Geothermal,14.9
2021-06-08,Hydro,206.01
2021-06-08,Photovoltaic,81.12
2021-06-08,Wind,33.3
2021-06-09,Biomass,48.6
2021-06-09,Geothermal,15.07
2021-06-09,Hydro,196.44
2021-06-09,Photovoltaic,105.62
2021-06-09,Wind,46.72
2021-06-10,Biomass,45.48
2021-06-10,Geothermal,15.11
2021-06-10,Hydro,209.4
2021-06-10,Photovoltaic,101.55
2021-06-10,Wind,46.56
2021-06-11,Biomass,46.07
2021-06-11,Geothermal,15.22
2021-06-11,Hydro,211.97
2021-06-11,Photovoltaic,97.55
2021-06-11,Wind,33.8
2021-06-12,Biomass,33.58
2021-06-12,Geothermal,15.2
2021-06-12,Hydro,186.08
2021-06-12,Photovoltaic,108.79
2021-06-12,Wind,37.34
2021-06-13,Biomass,32.43
2021-06-13,Geothermal,15.12
2021-06-13,Hydro,183.44
2021-06-13,Photovoltaic,113.19
2021-06-13,Wind,26.29
2021-06-14,Biomass,45.42
2021-06-14,Geothermal,15.01
2021-06-14,Hydro,215.03
2021-06-14,Photovoltaic,111.29
2021-06-14,Wind,37.81
2021-06-15,Biomass,48.75
2021-06-15,Geothermal,14.97
2021-06-15,Hydro,207.18
2021-06-15,Photovoltaic,114.21
2021-06-15,Wind,39.54
2021-06-16,Biomass,55.78
2021-06-16,Geothermal,14.97
2021-06-16,Hydro,213.52
2021-06-16,Photovoltaic,100.39
2021-06-16,Wind,13.64
2021-06-17,Biomass,57.02
2021-06-17,Geothermal,14.9
2021-06-17,Hydro,211.5
2021-06-17,Photovoltaic,110.13
2021-06-17,Wind,13.49
2021-06-18,Biomass,56.32
2021-06-18,Geothermal,15.05
2021-06-18,Hydro,204.99
2021-06-18,Photovoltaic,99.43
2021-06-18,Wind,15.01
2021-06-19,Biomass,38.24
2021-06-19,Geothermal,15.04
2021-06-19,Hydro,185.95
2021-06-19,Photovoltaic,95.29
2021-06-19,Wind,29.86
2021-06-20,Biomass,37.26
2021-06-20,Geothermal,15.02
2021-06-20,Hydro,182.7
2021-06-20,Photovoltaic,81.9
2021-06-20,Wind,30.37
2021-06-21,Biomass,50.94
2021-06-21,Geothermal,14.91
2021-06-21,Hydro,198.87
2021-06-21,Photovoltaic,94.12
2021-06-21,Wind,45.9
2021-06-22,Biomass,56.87
2021-06-22,Geothermal,14.87
2021-06-22,Hydro,216.42
2021-06-22,Photovoltaic,105.8
2021-06-22,Wind,38.38
2021-06-23,Biomass,62.06
2021-06-23,Geothermal,15.41
2021-06-23,Hydro,219.04
2021-06-23,Photovoltaic,91.92
2021-06-23,Wind,18.7
2021-06-24,Biomass,58.76
2021-06-24,Geothermal,15.27
2021-06-24,Hydro,208.73
2021-06-24,Photovoltaic,91.22
2021-06-24,Wind,48.46
2021-06-25,Biomass,54.14
2021-06-25,Geothermal,15.25
2021-06-25,Hydro,200.3
2021-06-25,Photovoltaic,97.61
2021-06-25,Wind,46.24
2021-06-26,Biomass,40.15
2021-06-26,Geothermal,15.5
2021-06-26,Hydro,171.5
2021-06-26,Photovoltaic,104.08
2021-06-26,Wind,23.45
2021-06-27,Biomass,38.8
2021-06-27,Geothermal,15.59
2021-06-27,Hydro,153.94
2021-06-27,Photovoltaic,105.32
2021-06-27,Wind,12.38
2021-06-28,Biomass,54.91
2021-06-28,Geothermal,15.19
2021-06-28,Hydro,190.46
2021-06-28,Photovoltaic,103.49
2021-06-28,Wind,25.94
2021-06-29,Biomass,56.94
2021-06-29,Geothermal,15.0
2021-06-29,Hydro,193.58
2021-06-29,Photovoltaic,98.07
2021-06-29,Wind,42.87
2021-06-30,Biomass,55.71
2021-06-30,Geothermal,15.13
2021-06-30,Hydro,173.54
2021-06-30,Photovoltaic,101.7
2021-06-30,Wind,59.04
2021-07-01,Biomass,50.1
2021-07-01,Geothermal,15.27
2021-07-01,Hydro,163.4
2021-07-01,Photovoltaic,108.29
2021-07-01,Wind,84.63
2021-07-02,Biomass,49.25
2021-07-02,Geothermal,15.49
2021-07-02,Hydro,188.61
2021-07-02,Photovoltaic,107.57
2021-07-02,Wind,48.0
2021-07-03,Biomass,40.59
2021-07-03,Geothermal,15.56
2021-07-03,Hydro,156.22
2021-07-03,Photovoltaic,98.85
2021-07-03,Wind,29.12
2021-07-04,Biomass,36.41
2021-07-04,Geothermal,15.46
2021-07-04,Hydro,124.01
2021-07-04,Photovoltaic,69.62
2021-07-04,Wind,58.72
2021-07-05,Biomass,47.03
2021-07-05,Geothermal,15.23
2021-07-05,Hydro,153.07
2021-07-05,Photovoltaic,104.49
2021-07-05,Wind,68.47
2021-07-06,Biomass,52.38
2021-07-06,Geothermal,15.28
2021-07-06,Hydro,170.15
2021-07-06,Photovoltaic,105.83
2021-07-06,Wind,20.55
2021-07-07,Biomass,53.86
2021-07-07,Geothermal,15.26
2021-07-07,Hydro,182.01
2021-07-07,Photovoltaic,104.8
2021-07-07,Wind,9.89
2021-07-08,Biomass,54.55
2021-07-08,Geothermal,15.22
2021-07-08,Hydro,173.76
2021-07-08,Photovoltaic,79.68
2021-07-08,Wind,17.75
2021-07-09,Biomass,47.23
2021-07-09,Geothermal,15.36
2021-07-09,Hydro,170.59
2021-07-09,Photovoltaic,110.65
2021-07-09,Wind,41.4
2021-07-10,Biomass,39.7
2021-07-10,Geothermal,15.26
2021-07-10,Hydro,159.87
2021-07-10,Photovoltaic,111.42
2021-07-10,Wind,33.36
2021-07-11,Biomass,32.9
2021-07-11,Geothermal,15.21
2021-07-11,Hydro,135.88
2021-07-11,Photovoltaic,111.36
2021-07-11,Wind,42.56
2021-07-12,Biomass,49.64
2021-07-12,Geothermal,15.18
2021-07-12,Hydro,180.16
2021-07-12,Photovoltaic,102.46
2021-07-12,Wind,24.1
2021-07-13,Biomass,52.13
2021-07-13,Geothermal,15.18
2021-07-13,Hydro,170.21
2021-07-13,Photovoltaic,71.06
2021-07-13,Wind,60.05
2021-07-14,Biomass,46.52
2021-07-14,Geothermal,15.31
2021-07-14,Hydro,163.21
2021-07-14,Photovoltaic,98.45
2021-07-14,Wind,104.59
2021-07-15,Biomass,46.07
2021-07-15,Geothermal,15.35
2021-07-15,Hydro,169.67
2021-07-15,Photovoltaic,95.8
2021-07-15,Wind,90.36
2021-07-16,Biomass,47.76
2021-07-16,Geothermal,15.27
2021-07-16,Hydro,173.84
2021-07-16,Photovoltaic,74.14
2021-07-16,Wind,67.86
2021-07-17,Biomass,40.25
2021-07-17,Geothermal,15.25
2021-07-17,Hydro,148.85
2021-07-17,Photovoltaic,66.08
2021-07-17,Wind,40.5
2021-07-18,Biomass,32.85
2021-07-18,Geothermal,15.21
2021-07-18,Hydro,139.22
2021-07-18,Photovoltaic,80.61
2021-07-18,Wind,65.46
2021-07-19,Biomass,47.5
2021-07-19,Geothermal,14.85
2021-07-19,Hydro,167.08
2021-07-19,Photovoltaic,92.96
2021-07-19,Wind,58.52
2021-07-20,Biomass,52.68
2021-07-20,Geothermal,15.24
2021-07-20,Hydro,180.47
2021-07-20,Photovoltaic,104.89
2021-07-20,Wind,46.27
2021-07-21,Biomass,55.19
2021-07-21,Geothermal,15.11
2021-07-21,Hydro,162.86
2021-07-21,Photovoltaic,105.17
2021-07-21,Wind,29.72
2021-07-22,Biomass,53.28
2021-07-22,Geothermal,15.15
2021-07-22,Hydro,164.21
2021-07-22,Photovoltaic,104.05
2021-07-22,Wind,43.95
2021-07-23,Biomass,55.08
2021-07-23,Geothermal,15.12
2021-07-23,Hydro,177.94
2021-07-23,Photovoltaic,103.52
2021-07-23,Wind,15.0
2021-07-24,Biomass,42.28
2021-07-24,Geothermal,15.08
2021-07-24,Hydro,164.27
2021-07-24,Photovoltaic,96.76
2021-07-24,Wind,20.68
2021-07-25,Biomass,38.43
2021-07-25,Geothermal,15.0
2021-07-25,Hydro,124.11
2021-07-25,Photovoltaic,73.44
2021-07-25,Wind,48.53
2021-07-26,Biomass,49.22
2021-07-26,Geothermal,14.73
2021-07-26,Hydro,186.62
2021-07-26,Photovoltaic,68.55
2021-07-26,Wind,44.75
2021-07-27,Biomass,51.6
2021-07-27,Geothermal,14.96
2021-07-27,Hydro,196.08
2021-07-27,Photovoltaic,78.89
2021-07-27,Wind,22.5
2021-07-28,Biomass,51.61
2021-07-28,Geothermal,15.1
2021-07-28,Hydro,186.57
2021-07-28,Photovoltaic,92.66
2021-07-28,Wind,33.24
2021-07-29,Biomass,50.02
2021-07-29,Geothermal,15.03
2021-07-29,Hydro,169.86
2021-07-29,Photovoltaic,103.08
2021-07-29,Wind,53.0
2021-07-30,Biomass,51.6
2021-07-30,Geothermal,15.02
2021-07-30,Hydro,186.88
2021-07-30,Photovoltaic,98.1
2021-07-30,Wind,37.74
2021-07-31,Biomass,41.43
2021-07-31,Geothermal,14.68
2021-07-31,Hydro,159.15
2021-07-31,Photovoltaic,93.98
2021-07-31,Wind,39.65
2021-08-01,Biomass,36.51
2021-08-01,Geothermal,14.88
2021-08-01,Hydro,142.07
2021-08-01,Photovoltaic,78.18
2021-08-01,Wind,90.92
2021-08-02,Biomass,51.76
2021-08-02,Geothermal,14.88
2021-08-02,Hydro,172.47
2021-08-02,Photovoltaic,92.63
2021-08-02,Wind,61.27
2021-08-03,Biomass,52.81
2021-08-03,Geothermal,14.86
2021-08-03,Hydro,187.16
2021-08-03,Photovoltaic,87.08
2021-08-03,Wind,62.98
2021-08-04,Biomass,57.19
2021-08-04,Geothermal,14.78
2021-08-04,Hydro,176.52
2021-08-04,Photovoltaic,70.07
2021-08-04,Wind,64.13
2021-08-05,Biomass,49.73
2021-08-05,Geothermal,14.81
2021-08-05,Hydro,175.34
2021-08-05,Photovoltaic,91.32
2021-08-05,Wind,122.3
2021-08-06,Biomass,46.95
2021-08-06,Geothermal,14.84
2021-08-06,Hydro,182.38
2021-08-06,Photovoltaic,102.34
2021-08-06,Wind,75.51
2021-08-07,Biomass,40.04
2021-08-07,Geothermal,14.73
2021-08-07,Hydro,164.44
2021-08-07,Photovoltaic,97.55
2021-08-07,Wind,31.38
2021-08-08,Biomass,36.02
2021-08-08,Geothermal,14.61
2021-08-08,Hydro,159.93
2021-08-08,Photovoltaic,93.28
2021-08-08,Wind,63.03
2021-08-09,Biomass,43.93
2021-08-09,Geothermal,14.49
2021-08-09,Hydro,173.54
2021-08-09,Photovoltaic,95.91
2021-08-09,Wind,39.54
2021-08-10,Biomass,44.87
2021-08-10,Geothermal,15.06
2021-08-10,Hydro,180.01
2021-08-10,Photovoltaic,88.97
2021-08-10,Wind,38.23
2021-08-11,Biomass,48.84
2021-08-11,Geothermal,15.09
2021-08-11,Hydro,183.6
2021-08-11,Photovoltaic,90.64
2021-08-11,Wind,43.06
2021-08-12,Biomass,51.11
2021-08-12,Geothermal,15.11
2021-08-12,Hydro,181.26
2021-08-12,Photovoltaic,97.9
2021-08-12,Wind,34.38
2021-08-13,Biomass,50.58
2021-08-13,Geothermal,15.12
2021-08-13,Hydro,177.29
2021-08-13,Photovoltaic,91.37
2021-08-13,Wind,12.69
2021-08-14,Biomass,41.31
2021-08-14,Geothermal,15.03
2021-08-14,Hydro,162.85
2021-08-14,Photovoltaic,100.72
2021-08-14,Wind,18.88
2021-08-15,Biomass,43.62
2021-08-15,Geothermal,15.06
2021-08-15,Hydro,169.22
2021-08-15,Photovoltaic,98.73
2021-08-15,Wind,12.75
2021-08-16,Biomass,44.08
2021-08-16,Geothermal,14.72
2021-08-16,Hydro,172.22
2021-08-16,Photovoltaic,91.08
2021-08-16,Wind,64.49
2021-08-17,Biomass,40.23
2021-08-17,Geothermal,14.88
2021-08-17,Hydro,150.49
2021-08-17,Photovoltaic,100.04
2021-08-17,Wind,75.81
2021-08-18,Biomass,41.82
2021-08-18,Geothermal,14.75
2021-08-18,Hydro,154.86
2021-08-18,Photovoltaic,98.27
2021-08-18,Wind,55.53
2021-08-19,Biomass,44.6
2021-08-19,Geothermal,14.98
2021-08-19,Hydro,148.62
2021-08-19,Photovoltaic,99.88
2021-08-19,Wind,28.8
2021-08-20,Biomass,44.52
2021-08-20,Geothermal,14.95
2021-08-20,Hydro,141.99
2021-08-20,Photovoltaic,97.66
2021-08-20,Wind,18.52
2021-08-21,Biomass,37.98
2021-08-21,Geothermal,15.0
2021-08-21,Hydro,129.22
2021-08-21,Photovoltaic,99.77
2021-08-21,Wind,24.61
2021-08-22,Biomass,41.72
2021-08-22,Geothermal,15.02
2021-08-22,Hydro,130.47
2021-08-22,Photovoltaic,96.36
2021-08-22,Wind,20.87
2021-08-23,Biomass,47.33
2021-08-23,Geothermal,14.68
2021-08-23,Hydro,153.41
2021-08-23,Photovoltaic,77.37
2021-08-23,Wind,59.07
2021-08-24,Biomass,52.16
2021-08-24,Geothermal,14.61
2021-08-24,Hydro,150.29
2021-08-24,Photovoltaic,84.75
2021-08-24,Wind,22.65
2021-08-25,Biomass,54.53
2021-08-25,Geothermal,14.89
2021-08-25,Hydro,158.37
2021-08-25,Photovoltaic,88.29
2021-08-25,Wind,22.77
2021-08-26,Biomass,52.66
2021-08-26,Geothermal,15.06
2021-08-26,Hydro,149.46
2021-08-26,Photovoltaic,89.55
2021-08-26,Wind,26.51
2021-08-27,Biomass,51.88
2021-08-27,Geothermal,15.18
2021-08-27,Hydro,132.41
2021-08-27,Photovoltaic,81.0
2021-08-27,Wind,90.86
2021-08-28,Biomass,40.03
2021-08-28,Geothermal,15.21
2021-08-28,Hydro,112.42
2021-08-28,Photovoltaic,77.96
2021-08-28,Wind,63.8
2021-08-29,Biomass,32.47
2021-08-29,Geothermal,15.24
2021-08-29,Hydro,98.08
2021-08-29,Photovoltaic,97.7
2021-08-29,Wind,46.53
2021-08-30,Biomass,50.66
2021-08-30,Geothermal,15.24
2021-08-30,Hydro,131.09
2021-08-30,Photovoltaic,90.07
2021-08-30,Wind,17.18
2021-08-31,Biomass,57.97
2021-08-31,Geothermal,15.21
2021-08-31,Hydro,126.22
2021-08-31,Photovoltaic,85.57
2021-08-31,Wind,20.03
2021-09-01,Biomass,49.92
2021-09-01,Geothermal,15.28
2021-09-01,Hydro,123.39
2021-09-01,Photovoltaic,96.46
2021-09-01,Wind,32.27
2021-09-02,Biomass,45.22
2021-09-02,Geothermal,15.42
2021-09-02,Hydro,138.69
2021-09-02,Photovoltaic,94.97
2021-09-02,Wind,50.78
2021-09-03,Biomass,49.42
2021-09-03,Geothermal,15.46
2021-09-03,Hydro,119.34
2021-09-03,Photovoltaic,82.98
2021-09-03,Wind,21.93
2021-09-04,Biomass,41.9
2021-09-04,Geothermal,15.38
2021-09-04,Hydro,91.48
2021-09-04,Photovoltaic,73.43
2021-09-04,Wind,20.62
2021-09-05,Biomass,33.64
2021-09-05,Geothermal,15.36
2021-09-05,Hydro,88.36
2021-09-05,Photovoltaic,93.51
2021-09-05,Wind,23.89
2021-09-06,Biomass,45.29
2021-09-06,Geothermal,15.45
2021-09-06,Hydro,101.38
2021-09-06,Photovoltaic,87.12
2021-09-06,Wind,42.39
2021-09-07,Biomass,50.0
2021-09-07,Geothermal,15.45
2021-09-07,Hydro,112.31
2021-09-07,Photovoltaic,86.25
2021-09-07,Wind,23.54
2021-09-08,Biomass,49.34
2021-09-08,Geothermal,15.44
2021-09-08,Hydro,100.17
2021-09-08,Photovoltaic,85.76
2021-09-08,Wind,14.1
2021-09-09,Biomass,47.95
2021-09-09,Geothermal,15.12
2021-09-09,Hydro,113.22
2021-09-09,Photovoltaic,83.89
2021-09-09,Wind,13.72
2021-09-10,Biomass,50.12
2021-09-10,Geothermal,15.46
2021-09-10,Hydro,102.34
2021-09-10,Photovoltaic,72.2
2021-09-10,Wind,17.99
2021-09-11,Biomass,38.57
2021-09-11,Geothermal,15.41
2021-09-11,Hydro,80.21
2021-09-11,Photovoltaic,74.58
2021-09-11,Wind,23.84
2021-09-12,Biomass,33.4
2021-09-12,Geothermal,15.45
2021-09-12,Hydro,82.62
2021-09-12,Photovoltaic,88.65
2021-09-12,Wind,30.2
2021-09-13,Biomass,44.78
2021-09-13,Geothermal,15.31
2021-09-13,Hydro,105.9
2021-09-13,Photovoltaic,90.04
2021-09-13,Wind,18.4
2021-09-14,Biomass,52.24
2021-09-14,Geothermal,15.34
2021-09-14,Hydro,110.34
2021-09-14,Photovoltaic,80.46
2021-09-14,Wind,18.35
2021-09-15,Biomass,55.99
2021-09-15,Geothermal,14.96
2021-09-15,Hydro,115.17
2021-09-15,Photovoltaic,62.11
2021-09-15,Wind,23.38
2021-09-16,Biomass,55.62
2021-09-16,Geothermal,14.97
2021-09-16,Hydro,94.6
2021-09-16,Photovoltaic,46.09
2021-09-16,Wind,46.37
2021-09-17,Biomass,49.54
2021-09-17,Geothermal,15.16
2021-09-17,Hydro,105.08
2021-09-17,Photovoltaic,58.81
2021-09-17,Wind,65.23
2021-09-18,Biomass,43.0
2021-09-18,Geothermal,15.33
2021-09-18,Hydro,99.53
2021-09-18,Photovoltaic,75.61
2021-09-18,Wind,46.06
2021-09-19,Biomass,41.17
2021-09-19,Geothermal,15.31
2021-09-19,Hydro,103.89
2021-09-19,Photovoltaic,63.38
2021-09-19,Wind,54.45
2021-09-20,Biomass,48.42
2021-09-20,Geothermal,15.22
2021-09-20,Hydro,115.89
2021-09-20,Photovoltaic,80.76
2021-09-20,Wind,77.28
2021-09-21,Biomass,53.18
2021-09-21,Geothermal,15.28
2021-09-21,Hydro,102.66
2021-09-21,Photovoltaic,78.21
2021-09-21,Wind,33.63
2021-09-22,Biomass,50.26
2021-09-22,Geothermal,15.38
2021-09-22,Hydro,101.3
2021-09-22,Photovoltaic,79.61
2021-09-22,Wind,52.72
2021-09-23,Biomass,47.86
2021-09-23,Geothermal,15.44
2021-09-23,Hydro,97.51
2021-09-23,Photovoltaic,83.35
2021-09-23,Wind,45.99
2021-09-24,Biomass,48.77
2021-09-24,Geothermal,15.32
2021-09-24,Hydro,104.91
2021-09-24,Photovoltaic,83.27
2021-09-24,Wind,15.01
2021-09-25,Biomass,39.02
2021-09-25,Geothermal,15.14
2021-09-25,Hydro,83.52
2021-09-25,Photovoltaic,68.29
2021-09-25,Wind,12.52
2021-09-26,Biomass,36.5
2021-09-26,Geothermal,15.1
2021-09-26,Hydro,83.32
2021-09-26,Photovoltaic,39.87
2021-09-26,Wind,21.64
2021-09-27,Biomass,48.48
2021-09-27,Geothermal,14.96
2021-09-27,Hydro,98.42
2021-09-27,Photovoltaic,50.97
2021-09-27,Wind,32.18
2021-09-28,Biomass,47.06
2021-09-28,Geothermal,15.06
2021-09-28,Hydro,96.41
2021-09-28,Photovoltaic,74.82
2021-09-28,Wind,48.01
2021-09-29,Biomass,46.16
2021-09-29,Geothermal,15.19
2021-09-29,Hydro,109.17
2021-09-29,Photovoltaic,75.6
2021-09-29,Wind,22.21
2021-09-30,Biomass,46.02
2021-09-30,Geothermal,15.18
2021-09-30,Hydro,92.22
2021-09-30,Photovoltaic,72.59
2021-09-30,Wind,34.02
2021-10-01,Biomass,48.25
2021-10-01,Geothermal,15.34
2021-10-01,Hydro,94.93
2021-10-01,Photovoltaic,74.15
2021-10-01,Wind,29.82
2021-10-02,Biomass,40.22
2021-10-02,Geothermal,15.2
2021-10-02,Hydro,86.21
2021-10-02,Photovoltaic,63.58
2021-10-02,Wind,11.59
2021-10-03,Biomass,36.78
2021-10-03,Geothermal,15.24
2021-10-03,Hydro,71.27
2021-10-03,Photovoltaic,60.91
2021-10-03,Wind,23.22
2021-10-04,Biomass,46.51
2021-10-04,Geothermal,14.98
2021-10-04,Hydro,110.2
2021-10-04,Photovoltaic,52.87
2021-10-04,Wind,38.4
2021-10-05,Biomass,44.6
2021-10-05,Geothermal,15.2
2021-10-05,Hydro,125.85
2021-10-05,Photovoltaic,44.12
2021-10-05,Wind,69.35
2021-10-06,Biomass,43.43
2021-10-06,Geothermal,14.72
2021-10-06,Hydro,153.53
2021-10-06,Photovoltaic,47.48
2021-10-06,Wind,61.91
2021-10-07,Biomass,45.06
2021-10-07,Geothermal,15.36
2021-10-07,Hydro,151.73
2021-10-07,Photovoltaic,44.93
2021-10-07,Wind,59.43
2021-10-08,Biomass,44.96
2021-10-08,Geothermal,15.36
2021-10-08,Hydro,135.36
2021-10-08,Photovoltaic,48.65
2021-10-08,Wind,41.6
2021-10-09,Biomass,35.87
2021-10-09,Geothermal,15.36
2021-10-09,Hydro,109.72
2021-10-09,Photovoltaic,66.03
2021-10-09,Wind,78.16
2021-10-10,Biomass,32.8
2021-10-10,Geothermal,15.32
2021-10-10,Hydro,92.46
2021-10-10,Photovoltaic,62.69
2021-10-10,Wind,79.77
2021-10-11,Biomass,41.98
2021-10-11,Geothermal,15.36
2021-10-11,Hydro,121.78
2021-10-11,Photovoltaic,57.39
2021-10-11,Wind,68.17
2021-10-12,Biomass,44.72
2021-10-12,Geothermal,15.09
2021-10-12,Hydro,116.74
2021-10-12,Photovoltaic,60.47
2021-10-12,Wind,71.4
2021-10-13,Biomass,47.12
2021-10-13,Geothermal,15.2
2021-10-13,Hydro,100.56
2021-10-13,Photovoltaic,69.29
2021-10-13,Wind,62.51
2021-10-14,Biomass,46.75
2021-10-14,Geothermal,15.24
2021-10-14,Hydro,109.49
2021-10-14,Photovoltaic,71.51
2021-10-14,Wind,141.85
2021-10-15,Biomass,46.24
2021-10-15,Geothermal,15.23
2021-10-15,Hydro,105.64
2021-10-15,Photovoltaic,70.73
2021-10-15,Wind,145.02
2021-10-16,Biomass,40.38
2021-10-16,Geothermal,15.1
2021-10-16,Hydro,103.14
2021-10-16,Photovoltaic,64.64
2021-10-16,Wind,55.7
2021-10-17,Biomass,37.92
2021-10-17,Geothermal,15.12
2021-10-17,Hydro,84.36
2021-10-17,Photovoltaic,66.74
2021-10-17,Wind,18.34
2021-10-18,Biomass,49.7
2021-10-18,Geothermal,15.2
2021-10-18,Hydro,109.02
2021-10-18,Photovoltaic,69.19
2021-10-18,Wind,15.46
2021-10-19,Biomass,52.34
2021-10-19,Geothermal,15.25
2021-10-19,Hydro,103.4
2021-10-19,Photovoltaic,65.57
2021-10-19,Wind,13.26
2021-10-20,Biomass,52.04
2021-10-20,Geothermal,15.12
2021-10-20,Hydro,86.2
2021-10-20,Photovoltaic,63.74
2021-10-20,Wind,31.33
2021-10-21,Biomass,51.65
2021-10-21,Geothermal,15.01
2021-10-21,Hydro,86.42
2021-10-21,Photovoltaic,40.45
2021-10-21,Wind,100.99
2021-10-22,Biomass,50.86
2021-10-22,Geothermal,15.18
2021-10-22,Hydro,102.55
2021-10-22,Photovoltaic,36.99
2021-10-22,Wind,58.17
2021-10-23,Biomass,42.01
2021-10-23,Geothermal,15.31
2021-10-23,Hydro,75.18
2021-10-23,Photovoltaic,39.83
2021-10-23,Wind,33.95
2021-10-24,Biomass,35.81
2021-10-24,Geothermal,15.36
2021-10-24,Hydro,65.14
2021-10-24,Photovoltaic,49.28
2021-10-24,Wind,94.89
2021-10-25,Biomass,49.68
2021-10-25,Geothermal,14.78
2021-10-25,Hydro,87.99
2021-10-25,Photovoltaic,39.27
2021-10-25,Wind,57.88
2021-10-26,Biomass,54.64
2021-10-26,Geothermal,15.07
2021-10-26,Hydro,97.82
2021-10-26,Photovoltaic,40.83
2021-10-26,Wind,30.81
2021-10-27,Biomass,56.49
2021-10-27,Geothermal,15.29
2021-10-27,Hydro,78.32
2021-10-27,Photovoltaic,56.71
2021-10-27,Wind,58.27
2021-10-28,Biomass,56.65
2021-10-28,Geothermal,15.36
2021-10-28,Hydro,74.66
2021-10-28,Photovoltaic,60.46
2021-10-28,Wind,43.94
2021-10-29,Biomass,53.94
2021-10-29,Geothermal,15.35
2021-10-29,Hydro,88.96
2021-10-29,Photovoltaic,52.83
2021-10-29,Wind,41.91
2021-10-30,Biomass,47.71
2021-10-30,Geothermal,15.3
2021-10-30,Hydro,68.56
2021-10-30,Photovoltaic,43.09
2021-10-30,Wind,22.4
2021-10-31,Biomass,45.91
2021-10-31,Geothermal,15.96
2021-10-31,Hydro,61.81
2021-10-31,Photovoltaic,26.63
2021-10-31,Wind,14.19
2021-11-01,Biomass,34.82
2021-11-01,Geothermal,15.23
2021-11-01,Hydro,73.35
2021-11-01,Photovoltaic,14.72
2021-11-01,Wind,64.61
2021-11-02,Biomass,41.09
2021-11-02,Geothermal,15.36
2021-11-02,Hydro,107.5
2021-11-02,Photovoltaic,65.02
2021-11-02,Wind,114.83
2021-11-03,Biomass,43.15
2021-11-03,Geothermal,15.36
2021-11-03,Hydro,104.21
2021-11-03,Photovoltaic,17.19
2021-11-03,Wind,114.04
2021-11-04,Biomass,43.47
2021-11-04,Geothermal,15.38
2021-11-04,Hydro,113.34
2021-11-04,Photovoltaic,45.96
2021-11-04,Wind,77.07
2021-11-05,Biomass,44.48
2021-11-05,Geothermal,15.45
2021-11-05,Hydro,119.2
2021-11-05,Photovoltaic,38.34
2021-11-05,Wind,27.4
2021-11-06,Biomass,38.97
2021-11-06,Geothermal,15.59
2021-11-06,Hydro,91.76
2021-11-06,Photovoltaic,41.53
2021-11-06,Wind,70.13
2021-11-07,Biomass,34.43
2021-11-07,Geothermal,15.29
2021-11-07,Hydro,78.04
2021-11-07,Photovoltaic,32.71
2021-11-07,Wind,48.6
2021-11-08,Biomass,45.12
2021-11-08,Geothermal,14.82
2021-11-08,Hydro,111.03
2021-11-08,Photovoltaic,18.59
2021-11-08,Wind,42.18
2021-11-09,Biomass,47.14
2021-11-09,Geothermal,14.62
2021-11-09,Hydro,103.52
2021-11-09,Photovoltaic,23.22
2021-11-09,Wind,56.01
2021-11-10,Biomass,47.37
2021-11-10,Geothermal,14.45
2021-11-10,Hydro,120.04
2021-11-10,Photovoltaic,23.43
2021-11-10,Wind,65.26
2021-11-11,Biomass,47.69
2021-11-11,Geothermal,14.23
2021-11-11,Hydro,99.25
2021-11-11,Photovoltaic,27.16
2021-11-11,Wind,37.26
2021-11-12,Biomass,47.7
2021-11-12,Geothermal,14.74
2021-11-12,Hydro,108.07
2021-11-12,Photovoltaic,36.91
2021-11-12,Wind,11.33
2021-11-13,Biomass,43.1
2021-11-13,Geothermal,15.36
2021-11-13,Hydro,78.38
2021-11-13,Photovoltaic,31.44
2021-11-13,Wind,13.79
2021-11-14,Biomass,40.9
2021-11-14,Geothermal,15.35
2021-11-14,Hydro,78.47
2021-11-14,Photovoltaic,27.1
2021-11-14,Wind,18.02
2021-11-15,Biomass,48.31
2021-11-15,Geothermal,15.36
2021-11-15,Hydro,131.62
2021-11-15,Photovoltaic,20.71
2021-11-15,Wind,26.88
2021-11-16,Biomass,48.48
2021-11-16,Geothermal,15.26
2021-11-16,Hydro,138.83
2021-11-16,Photovoltaic,20.96
2021-11-16,Wind,58.99
2021-11-17,Biomass,49.35
2021-11-17,Geothermal,15.24
2021-11-17,Hydro,118.63
2021-11-17,Photovoltaic,27.54
2021-11-17,Wind,24.99
2021-11-18,Biomass,48.32
2021-11-18,Geothermal,15.36
2021-11-18,Hydro,102.42
2021-11-18,Photovoltaic,38.05
2021-11-18,Wind,21.79
2021-11-19,Biomass,47.7
2021-11-19,Geothermal,15.36
2021-11-19,Hydro,103.28
2021-11-19,Photovoltaic,36.11
2021-11-19,Wind,69.03
2021-11-20,Biomass,44.58
2021-11-20,Geothermal,15.36
2021-11-20,Hydro,74.11
2021-11-20,Photovoltaic,39.11
2021-11-20,Wind,42.84
2021-11-21,Biomass,43.3
2021-11-21,Geothermal,15.15
2021-11-21,Hydro,68.67
2021-11-21,Photovoltaic,30.59
2021-11-21,Wind,31.05
2021-11-22,Biomass,48.99
2021-11-22,Geothermal,14.29
2021-11-22,Hydro,115.22
2021-11-22,Photovoltaic,17.21
2021-11-22,Wind,17.86
2021-11-23,Biomass,51.13
2021-11-23,Geothermal,14.87
2021-11-23,Hydro,117.67
2021-11-23,Photovoltaic,36.28
2021-11-23,Wind,26.52
2021-11-24,Biomass,52.24
2021-11-24,Geothermal,14.4
2021-11-24,Hydro,123.46
2021-11-24,Photovoltaic,46.83
2021-11-24,Wind,38.8
2021-11-25,Biomass,53.83
2021-11-25,Geothermal,14.4
2021-11-25,Hydro,130.27
2021-11-25,Photovoltaic,14.36
2021-11-25,Wind,43.72
2021-11-26,Biomass,54.37
2021-11-26,Geothermal,14.26
2021-11-26,Hydro,93.88
2021-11-26,Photovoltaic,34.4
2021-11-26,Wind,122.55
2021-11-27,Biomass,45.6
2021-11-27,Geothermal,14.37
2021-11-27,Hydro,87.19
2021-11-27,Photovoltaic,32.69
2021-11-27,Wind,115.91
2021-11-28,Biomass,43.0
2021-11-28,Geothermal,14.42
2021-11-28,Hydro,81.86
2021-11-28,Photovoltaic,23.43
2021-11-28,Wind,130.13
2021-11-29,Biomass,50.31
2021-11-29,Geothermal,14.39
2021-11-29,Hydro,139.95
2021-11-29,Photovoltaic,30.03
2021-11-29,Wind,103.35
2021-11-30,Biomass,50.58
2021-11-30,Geothermal,14.58
2021-11-30,Hydro,94.7
2021-11-30,Photovoltaic,52.73
2021-11-30,Wind,102.65
2021-12-01,Biomass,49.43
2021-12-01,Geothermal,14.31
2021-12-01,Hydro,95.4
2021-12-01,Photovoltaic,41.26
2021-12-01,Wind,118.7
2021-12-02,Biomass,51.55
2021-12-02,Geothermal,14.33
2021-12-02,Hydro,108.22
2021-12-02,Photovoltaic,21.61
2021-12-02,Wind,129.34
2021-12-03,Biomass,53.51
2021-12-03,Geothermal,14.13
2021-12-03,Hydro,103.47
2021-12-03,Photovoltaic,29.23
2021-12-03,Wind,78.85
2021-12-04,Biomass,44.26
2021-12-04,Geothermal,15.19
2021-12-04,Hydro,77.74
2021-12-04,Photovoltaic,37.55
2021-12-04,Wind,110.76
2021-12-05,Biomass,40.67
2021-12-05,Geothermal,15.58
2021-12-05,Hydro,78.46
2021-12-05,Photovoltaic,36.42
2021-12-05,Wind,108.0
2021-12-06,Biomass,51.06
2021-12-06,Geothermal,15.36
2021-12-06,Hydro,112.51
2021-12-06,Photovoltaic,35.49
2021-12-06,Wind,95.15
2021-12-07,Biomass,52.13
2021-12-07,Geothermal,15.54
2021-12-07,Hydro,93.57
2021-12-07,Photovoltaic,51.58
2021-12-07,Wind,148.18
2021-12-08,Biomass,47.59
2021-12-08,Geothermal,15.21
2021-12-08,Hydro,107.79
2021-12-08,Photovoltaic,13.42
2021-12-08,Wind,101.38
2021-12-09,Biomass,51.93
2021-12-09,Geothermal,15.6
2021-12-09,Hydro,118.43
2021-12-09,Photovoltaic,23.4
2021-12-09,Wind,116.45
2021-12-10,Biomass,51.72
2021-12-10,Geothermal,15.62
2021-12-10,Hydro,108.97
2021-12-10,Photovoltaic,21.19
2021-12-10,Wind,115.55
2021-12-11,Biomass,47.58
2021-12-11,Geothermal,15.61
2021-12-11,Hydro,96.87
2021-12-11,Photovoltaic,27.29
2021-12-11,Wind,117.6
2021-12-12,Biomass,43.99
2021-12-12,Geothermal,15.6
2021-12-12,Hydro,82.42
2021-12-12,Photovoltaic,44.25
2021-12-12,Wind,123.17
2021-12-13,Biomass,53.77
2021-12-13,Geothermal,14.68
2021-12-13,Hydro,101.16
2021-12-13,Photovoltaic,50.85
2021-12-13,Wind,118.45
2021-12-14,Biomass,55.54
2021-12-14,Geothermal,14.37
2021-12-14,Hydro,117.01
2021-12-14,Photovoltaic,46.85
2021-12-14,Wind,114.73
2021-12-15,Biomass,53.82
2021-12-15,Geothermal,14.4
2021-12-15,Hydro,100.45
2021-12-15,Photovoltaic,43.73
2021-12-15,Wind,85.08
2021-12-16,Biomass,54.29
2021-12-16,Geothermal,14.4
2021-12-16,Hydro,109.04
2021-12-16,Photovoltaic,37.65
2021-12-16,Wind,72.22
2021-12-17,Biomass,54.56
2021-12-17,Geothermal,14.6
2021-12-17,Hydro,100.14
2021-12-17,Photovoltaic,39.27
2021-12-17,Wind,114.38
2021-12-18,Biomass,45.58
2021-12-18,Geothermal,14.63
2021-12-18,Hydro,91.36
2021-12-18,Photovoltaic,37.77
2021-12-18,Wind,135.92
2021-12-19,Biomass,47.0
2021-12-19,Geothermal,14.53
2021-12-19,Hydro,75.25
2021-12-19,Photovoltaic,41.76
2021-12-19,Wind,81.91
2021-12-20,Biomass,57.03
2021-12-20,Geothermal,14.14
2021-12-20,Hydro,127.46
2021-12-20,Photovoltaic,36.82
2021-12-20,Wind,64.82
2021-12-21,Biomass,61.94
2021-12-21,Geothermal,14.96
2021-12-21,Hydro,136.11
2021-12-21,Photovoltaic,25.3
2021-12-21,Wind,13.96
2021-12-22,Biomass,60.62
2021-12-22,Geothermal,15.67
2021-12-22,Hydro,105.32
2021-12-22,Photovoltaic,23.39
2021-12-22,Wind,5.47
2021-12-23,Biomass,53.75
2021-12-23,Geothermal,15.47
2021-12-23,Hydro,91.81
2021-12-23,Photovoltaic,26.53
2021-12-23,Wind,24.57
2021-12-24,Biomass,42.45
2021-12-24,Geothermal,15.6
2021-12-24,Hydro,81.3
2021-12-24,Photovoltaic,22.74
2021-12-24,Wind,109.82
2021-12-25,Biomass,34.39
2021-12-25,Geothermal,15.6
2021-12-25,Hydro,76.35
2021-12-25,Photovoltaic,11.55
2021-12-25,Wind,117.34
2021-12-26,Biomass,34.61
2021-12-26,Geothermal,15.57
2021-12-26,Hydro,81.79
2021-12-26,Photovoltaic,14.3
2021-12-26,Wind,96.18
2021-12-27,Biomass,41.47
2021-12-27,Geothermal,15.6
2021-12-27,Hydro,86.93
2021-12-27,Photovoltaic,20.54
2021-12-27,Wind,52.77
2021-12-28,Biomass,38.15
2021-12-28,Geothermal,15.6
2021-12-28,Hydro,94.78
2021-12-28,Photovoltaic,24.46
2021-12-28,Wind,55.25
2021-12-29,Biomass,35.06
2021-12-29,Geothermal,15.39
2021-12-29,Hydro,93.29
2021-12-29,Photovoltaic,29.63
2021-12-29,Wind,89.01
2021-12-30,Biomass,33.24
2021-12-30,Geothermal,15.58
2021-12-30,Hydro,100.62
2021-12-30,Photovoltaic,31.75
2021-12-30,Wind,76.05
2021-12-31,Biomass,31.0
2021-12-31,Geothermal,15.56
2021-12-31,Hydro,98.39
2021-12-31,Photovoltaic,40.08
2021-12-31,Wind,44.67
2022-01-01,Biomass,28.04
2022-01-01,Geothermal,15.48
2022-01-01,Hydro,75.77
2022-01-01,Photovoltaic,33.44
2022-01-01,Wind,47.07
2022-01-02,Biomass,29.04
2022-01-02,Geothermal,15.6
2022-01-02,Hydro,70.03
2022-01-02,Photovoltaic,29.24
2022-01-02,Wind,47.64
2022-01-03,Biomass,33.23
2022-01-03,Geothermal,15.57
2022-01-03,Hydro,68.02
2022-01-03,Photovoltaic,26.3
2022-01-03,Wind,76.79
2022-01-04,Biomass,34.84
2022-01-04,Geothermal,15.6
2022-01-04,Hydro,68.31
2022-01-04,Photovoltaic,22.88
2022-01-04,Wind,103.75
2022-01-05,Biomass,33.25
2022-01-05,Geothermal,15.52
2022-01-05,Hydro,77.53
2022-01-05,Photovoltaic,26.68
2022-01-05,Wind,122.36
2022-01-06,Biomass,34.29
2022-01-06,Geothermal,15.64
2022-01-06,Hydro,84.44
2022-01-06,Photovoltaic,30.09
2022-01-06,Wind,54.25
2022-01-07,Biomass,33.96
2022-01-07,Geothermal,15.81
2022-01-07,Hydro,79.18
2022-01-07,Photovoltaic,38.46
2022-01-07,Wind,77.2
2022-01-08,Biomass,33.04
2022-01-08,Geothermal,15.84
2022-01-08,Hydro,65.29
2022-01-08,Photovoltaic,40.0
2022-01-08,Wind,81.21
2022-01-09,Biomass,32.65
2022-01-09,Geothermal,15.69
2022-01-09,Hydro,78.76
2022-01-09,Photovoltaic,22.36
2022-01-09,Wind,88.02
2022-01-10,Biomass,46.11
2022-01-10,Geothermal,15.52
2022-01-10,Hydro,85.77
2022-01-10,Photovoltaic,24.95
2022-01-10,Wind,139.14
2022-01-11,Biomass,48.86
2022-01-11,Geothermal,15.28
2022-01-11,Hydro,82.78
2022-01-11,Photovoltaic,37.87
2022-01-11,Wind,167.94
2022-01-12,Biomass,51.07
2022-01-12,Geothermal,15.19
2022-01-12,Hydro,76.38
2022-01-12,Photovoltaic,43.64
2022-01-12,Wind,136.81
2022-01-13,Biomass,50.98
2022-01-13,Geothermal,15.34
2022-01-13,Hydro,72.14
2022-01-13,Photovoltaic,52.71
2022-01-13,Wind,126.86
2022-01-14,Biomass,52.05
2022-01-14,Geothermal,15.6
2022-01-14,Hydro,82.9
2022-01-14,Photovoltaic,56.68
2022-01-14,Wind,89.09
2022-01-15,Biomass,44.58
2022-01-15,Geothermal,15.6
2022-01-15,Hydro,65.32
2022-01-15,Photovoltaic,59.78
2022-01-15,Wind,77.7
2022-01-16,Biomass,41.53
2022-01-16,Geothermal,15.59
2022-01-16,Hydro,56.06
2022-01-16,Photovoltaic,57.68
2022-01-16,Wind,37.8
2022-01-17,Biomass,53.34
2022-01-17,Geothermal,15.0
2022-01-17,Hydro,78.51
2022-01-17,Photovoltaic,52.11
2022-01-17,Wind,58.72
2022-01-18,Biomass,55.24
2022-01-18,Geothermal,15.5
2022-01-18,Hydro,75.8
2022-01-18,Photovoltaic,46.09
2022-01-18,Wind,27.03
2022-01-19,Biomass,53.72
2022-01-19,Geothermal,15.6
2022-01-19,Hydro,75.7
2022-01-19,Photovoltaic,40.05
2022-01-19,Wind,27.31
2022-01-20,Biomass,52.34
2022-01-20,Geothermal,14.99
2022-01-20,Hydro,70.46
2022-01-20,Photovoltaic,27.2
2022-01-20,Wind,74.35
2022-01-21,Biomass,54.26
2022-01-21,Geothermal,15.72
2022-01-21,Hydro,76.65
2022-01-21,Photovoltaic,36.91
2022-01-21,Wind,75.75
2022-01-22,Biomass,47.53
2022-01-22,Geothermal,15.55
2022-01-22,Hydro,57.87
2022-01-22,Photovoltaic,55.0
2022-01-22,Wind,67.79
2022-01-23,Biomass,42.7
2022-01-23,Geothermal,15.6
2022-01-23,Hydro,72.3
2022-01-23,Photovoltaic,50.89
2022-01-23,Wind,66.46
2022-01-24,Biomass,53.83
2022-01-24,Geothermal,15.62
2022-01-24,Hydro,106.92
2022-01-24,Photovoltaic,42.39
2022-01-24,Wind,84.3
2022-01-25,Biomass,57.7
2022-01-25,Geothermal,15.55
2022-01-25,Hydro,114.26
2022-01-25,Photovoltaic,49.84
2022-01-25,Wind,59.81
2022-01-26,Biomass,56.0
2022-01-26,Geothermal,15.33
2022-01-26,Hydro,114.6
2022-01-26,Photovoltaic,35.21
2022-01-26,Wind,45.24
2022-01-27,Biomass,56.64
2022-01-27,Geothermal,15.15
2022-01-27,Hydro,98.43
2022-01-27,Photovoltaic,34.28
2022-01-27,Wind,30.81
2022-01-28,Biomass,52.62
2022-01-28,Geothermal,15.13
2022-01-28,Hydro,98.5
2022-01-28,Photovoltaic,50.87
2022-01-28,Wind,89.6
2022-01-29,Biomass,40.79
2022-01-29,Geothermal,15.6
2022-01-29,Hydro,80.38
2022-01-29,Photovoltaic,64.53
2022-01-29,Wind,129.67
2022-01-30,Biomass,39.78
2022-01-30,Geothermal,15.4
2022-01-30,Hydro,83.38
2022-01-30,Photovoltaic,65.36
2022-01-30,Wind,86.59
2022-01-31,Biomass,50.07
2022-01-31,Geothermal,15.4
2022-01-31,Hydro,90.31
2022-01-31,Photovoltaic,33.62
2022-01-31,Wind,111.11
2022-02-01,Biomass,50.63
2022-02-01,Geothermal,15.2
2022-02-01,Hydro,67.8
2022-02-01,Photovoltaic,59.26
2022-02-01,Wind,171.1
2022-02-02,Biomass,53.46
2022-02-02,Geothermal,15.52
2022-02-02,Hydro,58.51
2022-02-02,Photovoltaic,69.36
2022-02-02,Wind,108.12
2022-02-03,Biomass,53.53
2022-02-03,Geothermal,15.45
2022-02-03,Hydro,58.66
2022-02-03,Photovoltaic,62.14
2022-02-03,Wind,78.94
2022-02-04,Biomass,51.66
2022-02-04,Geothermal,15.08
2022-02-04,Hydro,70.76
2022-02-04,Photovoltaic,36.18
2022-02-04,Wind,87.96
2022-02-05,Biomass,44.56
2022-02-05,Geothermal,15.6
2022-02-05,Hydro,59.13
2022-02-05,Photovoltaic,39.69
2022-02-05,Wind,39.08
2022-02-06,Biomass,39.1
2022-02-06,Geothermal,15.6
2022-02-06,Hydro,61.93
2022-02-06,Photovoltaic,42.32
2022-02-06,Wind,35.85
2022-02-07,Biomass,44.11
2022-02-07,Geothermal,15.67
2022-02-07,Hydro,69.32
2022-02-07,Photovoltaic,52.83
2022-02-07,Wind,162.37
2022-02-08,Biomass,46.13
2022-02-08,Geothermal,15.7
2022-02-08,Hydro,62.03
2022-02-08,Photovoltaic,75.79
2022-02-08,Wind,136.07
2022-02-09,Biomass,51.01
2022-02-09,Geothermal,15.62
2022-02-09,Hydro,64.2
2022-02-09,Photovoltaic,75.69
2022-02-09,Wind,38.96
2022-02-10,Biomass,50.74
2022-02-10,Geothermal,15.73
2022-02-10,Hydro,69.41
2022-02-10,Photovoltaic,65.48
2022-02-10,Wind,22.73
2022-02-11,Biomass,52.5
2022-02-11,Geothermal,15.77
2022-02-11,Hydro,68.94
2022-02-11,Photovoltaic,55.1
2022-02-11,Wind,18.11
2022-02-12,Biomass,43.82
2022-02-12,Geothermal,15.73
2022-02-12,Hydro,47.39
2022-02-12,Photovoltaic,60.46
2022-02-12,Wind,39.94
2022-02-13,Biomass,35.3
2022-02-13,Geothermal,15.79
2022-02-13,Hydro,44.98
2022-02-13,Photovoltaic,63.78
2022-02-13,Wind,15.49
2022-02-14,Biomass,48.09
2022-02-14,Geothermal,15.18
2022-02-14,Hydro,64.44
2022-02-14,Photovoltaic,33.15
2022-02-14,Wind,65.0
2022-02-15,Biomass,49.03
2022-02-15,Geothermal,15.55
2022-02-15,Hydro,60.68
2022-02-15,Photovoltaic,34.59
2022-02-15,Wind,106.74
2022-02-16,Biomass,48.83
2022-02-16,Geothermal,15.6
2022-02-16,Hydro,58.96
2022-02-16,Photovoltaic,51.6
2022-02-16,Wind,62.84
2022-02-17,Biomass,45.97
2022-02-17,Geothermal,15.6
2022-02-17,Hydro,49.74
2022-02-17,Photovoltaic,63.03
2022-02-17,Wind,77.39
2022-02-18,Biomass,46.61
2022-02-18,Geothermal,15.58
2022-02-18,Hydro,56.68
2022-02-18,Photovoltaic,52.59
2022-02-18,Wind,63.19
2022-02-19,Biomass,36.61
2022-02-19,Geothermal,15.57
2022-02-19,Hydro,52.93
2022-02-19,Photovoltaic,39.37
2022-02-19,Wind,75.1
2022-02-20,Biomass,32.83
2022-02-20,Geothermal,15.58
2022-02-20,Hydro,50.55
2022-02-20,Photovoltaic,59.58
2022-02-20,Wind,53.0
2022-02-21,Biomass,44.74
2022-02-21,Geothermal,15.75
2022-02-21,Hydro,47.26
2022-02-21,Photovoltaic,55.41
2022-02-21,Wind,148.0
2022-02-22,Biomass,45.41
2022-02-22,Geothermal,15.77
2022-02-22,Hydro,53.19
2022-02-22,Photovoltaic,74.79
2022-02-22,Wind,163.4
2022-02-23,Biomass,45.5
2022-02-23,Geothermal,15.79
2022-02-23,Hydro,61.87
2022-02-23,Photovoltaic,86.42
2022-02-23,Wind,124.92
2022-02-24,Biomass,48.65
2022-02-24,Geothermal,15.45
2022-02-24,Hydro,73.36
2022-02-24,Photovoltaic,73.19
2022-02-24,Wind,35.92
2022-02-25,Biomass,44.99
2022-02-25,Geothermal,15.75
2022-02-25,Hydro,73.32
2022-02-25,Photovoltaic,76.46
2022-02-25,Wind,49.23
2022-02-26,Biomass,33.59
2022-02-26,Geothermal,15.31
2022-02-26,Hydro,68.1
2022-02-26,Photovoltaic,65.36
2022-02-26,Wind,84.07
2022-02-27,Biomass,30.96
2022-02-27,Geothermal,15.16
2022-02-27,Hydro,44.25
2022-02-27,Photovoltaic,65.06
2022-02-27,Wind,115.92
2022-02-28,Biomass,45.18
2022-02-28,Geothermal,15.36
2022-02-28,Hydro,68.91
2022-02-28,Photovoltaic,78.7
2022-02-28,Wind,81.46
2022-03-01,Biomass,48.69
2022-03-01,Geothermal,15.35
2022-03-01,Hydro,70.47
2022-03-01,Photovoltaic,76.12
2022-03-01,Wind,115.84
2022-03-02,Biomass,50.09
2022-03-02,Geothermal,15.35
2022-03-02,Hydro,57.62
2022-03-02,Photovoltaic,77.29
2022-03-02,Wind,89.45
2022-03-03,Biomass,48.68
2022-03-03,Geothermal,15.22
2022-03-03,Hydro,79.31
2022-03-03,Photovoltaic,72.52
2022-03-03,Wind,19.22
2022-03-04,Biomass,49.34
2022-03-04,Geothermal,15.36
2022-03-04,Hydro,88.48
2022-03-04,Photovoltaic,67.31
2022-03-04,Wind,11.88
2022-03-05,Biomass,32.95
2022-03-05,Geothermal,15.36
2022-03-05,Hydro,74.3
2022-03-05,Photovoltaic,73.28
2022-03-05,Wind,98.42
2022-03-06,Biomass,31.98
2022-03-06,Geothermal,15.36
2022-03-06,Hydro,82.72
2022-03-06,Photovoltaic,75.44
2022-03-06,Wind,64.47
2022-03-07,Biomass,45.0
2022-03-07,Geothermal,15.36
2022-03-07,Hydro,78.71
2022-03-07,Photovoltaic,74.85
2022-03-07,Wind,44.91
2022-03-08,Biomass,47.88
2022-03-08,Geothermal,15.33
2022-03-08,Hydro,48.03
2022-03-08,Photovoltaic,77.63
2022-03-08,Wind,117.23
2022-03-09,Biomass,45.92
2022-03-09,Geothermal,15.28
2022-03-09,Hydro,37.13
2022-03-09,Photovoltaic,88.72
2022-03-09,Wind,136.43
2022-03-10,Biomass,46.92
2022-03-10,Geothermal,15.21
2022-03-10,Hydro,45.94
2022-03-10,Photovoltaic,91.46
2022-03-10,Wind,86.51
2022-03-11,Biomass,50.46
2022-03-11,Geothermal,15.3
2022-03-11,Hydro,37.68
2022-03-11,Photovoltaic,73.14
2022-03-11,Wind,29.84
2022-03-12,Biomass,43.59
2022-03-12,Geothermal,15.3
2022-03-12,Hydro,37.0
2022-03-12,Photovoltaic,69.75
2022-03-12,Wind,60.61
2022-03-13,Biomass,38.29
2022-03-13,Geothermal,15.25
2022-03-13,Hydro,40.33
2022-03-13,Photovoltaic,88.61
2022-03-13,Wind,43.24
2022-03-14,Biomass,48.81
2022-03-14,Geothermal,15.12
2022-03-14,Hydro,37.75
2022-03-14,Photovoltaic,79.86
2022-03-14,Wind,30.99
2022-03-15,Biomass,52.37
2022-03-15,Geothermal,15.02
2022-03-15,Hydro,39.94
2022-03-15,Photovoltaic,69.96
2022-03-15,Wind,45.63
2022-03-16,Biomass,50.82
2022-03-16,Geothermal,14.96
2022-03-16,Hydro,42.0
2022-03-16,Photovoltaic,63.71
2022-03-16,Wind,38.7
2022-03-17,Biomass,50.15
2022-03-17,Geothermal,15.11
2022-03-17,Hydro,53.29
2022-03-17,Photovoltaic,44.11
2022-03-17,Wind,67.74
2022-03-18,Biomass,47.81
2022-03-18,Geothermal,15.6
2022-03-18,Hydro,47.85
2022-03-18,Photovoltaic,39.96
2022-03-18,Wind,99.93
2022-03-19,Biomass,38.73
2022-03-19,Geothermal,15.65
2022-03-19,Hydro,39.53
2022-03-19,Photovoltaic,59.07
2022-03-19,Wind,101.33
2022-03-20,Biomass,37.1
2022-03-20,Geothermal,15.62
2022-03-20,Hydro,34.65
2022-03-20,Photovoltaic,86.2
2022-03-20,Wind,54.46
2022-03-21,Biomass,46.83
2022-03-21,Geothermal,15.68
2022-03-21,Hydro,47.04
2022-03-21,Photovoltaic,91.35
2022-03-21,Wind,60.59
2022-03-22,Biomass,48.77
2022-03-22,Geothermal,15.55
2022-03-22,Hydro,47.16
2022-03-22,Photovoltaic,96.27
2022-03-22,Wind,76.2
2022-03-23,Biomass,49.21
2022-03-23,Geothermal,15.35
2022-03-23,Hydro,41.66
2022-03-23,Photovoltaic,96.97
2022-03-23,Wind,84.61
2022-03-24,Biomass,48.84
2022-03-24,Geothermal,15.61
2022-03-24,Hydro,50.1
2022-03-24,Photovoltaic,101.2
2022-03-24,Wind,28.07
2022-03-25,Biomass,47.01
2022-03-25,Geothermal,15.68
2022-03-25,Hydro,45.07
2022-03-25,Photovoltaic,99.51
2022-03-25,Wind,24.09
2022-03-26,Biomass,40.17
2022-03-26,Geothermal,15.57
2022-03-26,Hydro,38.32
2022-03-26,Photovoltaic,92.79
2022-03-26,Wind,48.98
2022-03-27,Biomass,33.99
2022-03-27,Geothermal,14.78
2022-03-27,Hydro,41.2
2022-03-27,Photovoltaic,67.9
2022-03-27,Wind,80.92
2022-03-28,Biomass,48.41
2022-03-28,Geothermal,15.12
2022-03-28,Hydro,50.99
2022-03-28,Photovoltaic,73.1
2022-03-28,Wind,32.38
2022-03-29,Biomass,51.65
2022-03-29,Geothermal,15.02
2022-03-29,Hydro,39.96
2022-03-29,Photovoltaic,81.6
2022-03-29,Wind,30.25
2022-03-30,Biomass,50.28
2022-03-30,Geothermal,14.95
2022-03-30,Hydro,60.86
2022-03-30,Photovoltaic,23.45
2022-03-30,Wind,84.25
2022-03-31,Biomass,48.49
2022-03-31,Geothermal,14.94
2022-03-31,Hydro,56.1
2022-03-31,Photovoltaic,35.56
2022-03-31,Wind,128.19
2022-04-01,Biomass,55.36
2022-04-01,Geothermal,15.12
2022-04-01,Hydro,77.55
2022-04-01,Photovoltaic,60.2
2022-04-01,Wind,142.13
2022-04-02,Biomass,42.7
2022-04-02,Geothermal,15.12
2022-04-02,Hydro,75.29
2022-04-02,Photovoltaic,72.19
2022-04-02,Wind,142.76
2022-04-03,Biomass,44.04
2022-04-03,Geothermal,15.12
2022-04-03,Hydro,58.31
2022-04-03,Photovoltaic,81.84
2022-04-03,Wind,72.64
2022-04-04,Biomass,58.06
2022-04-04,Geothermal,15.22
2022-04-04,Hydro,65.81
2022-04-04,Photovoltaic,68.25
2022-04-04,Wind,21.43
2022-04-05,Biomass,60.11
2022-04-05,Geothermal,15.07
2022-04-05,Hydro,61.24
2022-04-05,Photovoltaic,102.4
2022-04-05,Wind,19.74
2022-04-06,Biomass,57.98
2022-04-06,Geothermal,15.12
2022-04-06,Hydro,58.41
2022-04-06,Photovoltaic,73.4
2022-04-06,Wind,34.59
2022-04-07,Biomass,46.78
2022-04-07,Geothermal,15.1
2022-04-07,Hydro,57.94
2022-04-07,Photovoltaic,88.61
2022-04-07,Wind,125.43
2022-04-08,Biomass,42.98
2022-04-08,Geothermal,15.02
2022-04-08,Hydro,53.43
2022-04-08,Photovoltaic,96.36
2022-04-08,Wind,143.21
2022-04-09,Biomass,37.01
2022-04-09,Geothermal,15.02
2022-04-09,Hydro,54.97
2022-04-09,Photovoltaic,88.42
2022-04-09,Wind,146.58
2022-04-10,Biomass,35.08
2022-04-10,Geothermal,15.23
2022-04-10,Hydro,51.63
2022-04-10,Photovoltaic,125.38
2022-04-10,Wind,123.65
2022-04-11,Biomass,46.13
2022-04-11,Geothermal,15.18
2022-04-11,Hydro,63.15
2022-04-11,Photovoltaic,119.66
2022-04-11,Wind,38.17
2022-04-12,Biomass,52.31
2022-04-12,Geothermal,15.1
2022-04-12,Hydro,48.25
2022-04-12,Photovoltaic,110.88
2022-04-12,Wind,33.08
2022-04-13,Biomass,49.94
2022-04-13,Geothermal,15.35
2022-04-13,Hydro,57.4
2022-04-13,Photovoltaic,101.94
2022-04-13,Wind,47.49
2022-04-14,Biomass,46.42
2022-04-14,Geothermal,15.46
2022-04-14,Hydro,50.95
2022-04-14,Photovoltaic,101.88
2022-04-14,Wind,69.06
2022-04-15,Biomass,43.46
2022-04-15,Geothermal,15.36
2022-04-15,Hydro,61.42
2022-04-15,Photovoltaic,94.12
2022-04-15,Wind,43.82
2022-04-16,Biomass,31.79
2022-04-16,Geothermal,15.35
2022-04-16,Hydro,51.63
2022-04-16,Photovoltaic,104.81
2022-04-16,Wind,77.52
2022-04-17,Biomass,26.19
2022-04-17,Geothermal,15.52
2022-04-17,Hydro,46.09
2022-04-17,Photovoltaic,106.89
2022-04-17,Wind,150.16
2022-04-18,Biomass,28.41
2022-04-18,Geothermal,15.53
2022-04-18,Hydro,47.59
2022-04-18,Photovoltaic,115.45
2022-04-18,Wind,124.58
2022-04-19,Biomass,41.84
2022-04-19,Geothermal,15.39
2022-04-19,Hydro,67.02
2022-04-19,Photovoltaic,109.42
2022-04-19,Wind,67.8
2022-04-20,Biomass,45.86
2022-04-20,Geothermal,14.97
2022-04-20,Hydro,73.29
2022-04-20,Photovoltaic,82.15
2022-04-20,Wind,65.62
2022-04-21,Biomass,49.0
2022-04-21,Geothermal,15.07
2022-04-21,Hydro,81.6
2022-04-21,Photovoltaic,33.79
2022-04-21,Wind,89.76
2022-04-22,Biomass,42.95
2022-04-22,Geothermal,15.06
2022-04-22,Hydro,81.71
2022-04-22,Photovoltaic,51.62
2022-04-22,Wind,103.73
2022-04-23,Biomass,36.82
2022-04-23,Geothermal,15.45
2022-04-23,Hydro,57.72
2022-04-23,Photovoltaic,90.93
2022-04-23,Wind,77.4
2022-04-24,Biomass,30.58
2022-04-24,Geothermal,15.58
2022-04-24,Hydro,65.88
2022-04-24,Photovoltaic,92.51
2022-04-24,Wind,102.71
2022-04-25,Biomass,36.16
2022-04-25,Geothermal,15.54
2022-04-25,Hydro,75.59
2022-04-25,Photovoltaic,101.73
2022-04-25,Wind,62.23
2022-04-26,Biomass,45.05
2022-04-26,Geothermal,14.88
2022-04-26,Hydro,85.91
2022-04-26,Photovoltaic,100.56
2022-04-26,Wind,16.13
2022-04-27,Biomass,45.05
2022-04-27,Geothermal,14.73
2022-04-27,Hydro,77.68
2022-04-27,Photovoltaic,110.23
2022-04-27,Wind,23.8
2022-04-28,Biomass,38.78
2022-04-28,Geothermal,14.88
2022-04-28,Hydro,83.87
2022-04-28,Photovoltaic,108.09
2022-04-28,Wind,100.68
2022-04-29,Biomass,38.88
2022-04-29,Geothermal,15.65
2022-04-29,Hydro,80.52
2022-04-29,Photovoltaic,106.46
2022-04-29,Wind,97.04
2022-04-30,Biomass,32.24
2022-04-30,Geothermal,15.54
2022-04-30,Hydro,69.48
2022-04-30,Photovoltaic,114.03
2022-04-30,Wind,31.11
2022-05-01,Biomass,32.59
2022-05-01,Geothermal,15.6
2022-05-01,Hydro,64.25
2022-05-01,Photovoltaic,98.08
2022-05-01,Wind,16.12
2022-05-02,Biomass,45.48
2022-05-02,Geothermal,14.75
2022-05-02,Hydro,74.58
2022-05-02,Photovoltaic,103.63
2022-05-02,Wind,23.54
2022-05-03,Biomass,50.73
2022-05-03,Geothermal,14.41
2022-05-03,Hydro,75.09
2022-05-03,Photovoltaic,101.03
2022-05-03,Wind,15.1
2022-05-04,Biomass,51.51
2022-05-04,Geothermal,14.38
2022-05-04,Hydro,72.02
2022-05-04,Photovoltaic,88.95
2022-05-04,Wind,11.39
2022-05-05,Biomass,50.09
2022-05-05,Geothermal,14.64
2022-05-05,Hydro,96.52
2022-05-05,Photovoltaic,49.67
2022-05-05,Wind,54.75
2022-05-06,Biomass,48.26
2022-05-06,Geothermal,14.64
2022-05-06,Hydro,81.14
2022-05-06,Photovoltaic,30.59
2022-05-06,Wind,103.12
2022-05-07,Biomass,31.91
2022-05-07,Geothermal,14.46
2022-05-07,Hydro,81.52
2022-05-07,Photovoltaic,61.67
2022-05-07,Wind,97.14
2022-05-08,Biomass,29.49
2022-05-08,Geothermal,14.54
2022-05-08,Hydro,82.77
2022-05-08,Photovoltaic,83.25
2022-05-08,Wind,39.62
2022-05-09,Biomass,42.38
2022-05-09,Geothermal,14.62
2022-05-09,Hydro,97.55
2022-05-09,Photovoltaic,102.48
2022-05-09,Wind,26.72
2022-05-10,Biomass,43.22
2022-05-10,Geothermal,14.65
2022-05-10,Hydro,94.73
2022-05-10,Photovoltaic,116.11
2022-05-10,Wind,30.23
2022-05-11,Biomass,44.58
2022-05-11,Geothermal,14.76
2022-05-11,Hydro,108.12
2022-05-11,Photovoltaic,114.02
2022-05-11,Wind,16.71
2022-05-12,Biomass,43.47
2022-05-12,Geothermal,14.78
2022-05-12,Hydro,112.32
2022-05-12,Photovoltaic,119.03
2022-05-12,Wind,15.42
2022-05-13,Biomass,43.2
2022-05-13,Geothermal,14.66
2022-05-13,Hydro,127.23
2022-05-13,Photovoltaic,115.25
2022-05-13,Wind,20.49
2022-05-14,Biomass,34.08
2022-05-14,Geothermal,14.72
2022-05-14,Hydro,115.73
2022-05-14,Photovoltaic,122.6
2022-05-14,Wind,28.59
2022-05-15,Biomass,31.27
2022-05-15,Geothermal,14.72
2022-05-15,Hydro,108.56
2022-05-15,Photovoltaic,128.56
2022-05-15,Wind,9.82
2022-05-16,Biomass,41.82
2022-05-16,Geothermal,14.42
2022-05-16,Hydro,130.94
2022-05-16,Photovoltaic,111.73
2022-05-16,Wind,9.66
2022-05-17,Biomass,45.32
2022-05-17,Geothermal,14.64
2022-05-17,Hydro,130.17
2022-05-17,Photovoltaic,113.1
2022-05-17,Wind,17.3
2022-05-18,Biomass,42.47
2022-05-18,Geothermal,14.58
2022-05-18,Hydro,132.29
2022-05-18,Photovoltaic,114.14
2022-05-18,Wind,73.33
2022-05-19,Biomass,39.59
2022-05-19,Geothermal,15.09
2022-05-19,Hydro,131.96
2022-05-19,Photovoltaic,122.38
2022-05-19,Wind,45.2
2022-05-20,Biomass,42.29
2022-05-20,Geothermal,15.49
2022-05-20,Hydro,139.84
2022-05-20,Photovoltaic,118.76
2022-05-20,Wind,16.87
2022-05-21,Biomass,33.81
2022-05-21,Geothermal,15.45
2022-05-21,Hydro,139.94
2022-05-21,Photovoltaic,128.62
2022-05-21,Wind,41.06
2022-05-22,Biomass,29.94
2022-05-22,Geothermal,15.33
2022-05-22,Hydro,125.92
2022-05-22,Photovoltaic,115.36
2022-05-22,Wind,32.65
2022-05-23,Biomass,42.95
2022-05-23,Geothermal,15.1
2022-05-23,Hydro,157.49
2022-05-23,Photovoltaic,108.14
2022-05-23,Wind,30.6
2022-05-24,Biomass,46.77
2022-05-24,Geothermal,15.15
2022-05-24,Hydro,129.5
2022-05-24,Photovoltaic,107.11
2022-05-24,Wind,60.44
2022-05-25,Biomass,47.29
2022-05-25,Geothermal,15.07
2022-05-25,Hydro,140.29
2022-05-25,Photovoltaic,90.17
2022-05-25,Wind,40.78
2022-05-26,Biomass,46.97
2022-05-26,Geothermal,15.01
2022-05-26,Hydro,152.27
2022-05-26,Photovoltaic,88.01
2022-05-26,Wind,24.93
2022-05-27,Biomass,48.22
2022-05-27,Geothermal,15.15
2022-05-27,Hydro,132.82
2022-05-27,Photovoltaic,90.18
2022-05-27,Wind,39.92
2022-05-28,Biomass,37.32
2022-05-28,Geothermal,15.18
2022-05-28,Hydro,129.38
2022-05-28,Photovoltaic,102.19
2022-05-28,Wind,36.63
2022-05-29,Biomass,29.95
2022-05-29,Geothermal,15.15
2022-05-29,Hydro,107.14
2022-05-29,Photovoltaic,81.72
2022-05-29,Wind,67.98
2022-05-30,Biomass,43.43
2022-05-30,Geothermal,14.99
2022-05-30,Hydro,116.32
2022-05-30,Photovoltaic,103.3
2022-05-30,Wind,52.1
2022-05-31,Biomass,47.86
2022-05-31,Geothermal,14.95
2022-05-31,Hydro,120.51
2022-05-31,Photovoltaic,98.44
2022-05-31,Wind,35.08
2022-06-01,Biomass,40.68
2022-06-01,Geothermal,14.94
2022-06-01,Hydro,123.68
2022-06-01,Photovoltaic,112.24
2022-06-01,Wind,19.9
2022-06-02,Biomass,32.72
2022-06-02,Geothermal,14.9
2022-06-02,Hydro,89.07
2022-06-02,Photovoltaic,124.05
2022-06-02,Wind,10.48
2022-06-03,Biomass,38.25
2022-06-03,Geothermal,15.08
2022-06-03,Hydro,114.42
2022-06-03,Photovoltaic,78.92
2022-06-03,Wind,13.24
2022-06-04,Biomass,33.44
2022-06-04,Geothermal,15.03
2022-06-04,Hydro,114.56
2022-06-04,Photovoltaic,113.14
2022-06-04,Wind,17.63
2022-06-05,Biomass,30.79
2022-06-05,Geothermal,15.12
2022-06-05,Hydro,98.86
2022-06-05,Photovoltaic,101.1
2022-06-05,Wind,27.94
2022-06-06,Biomass,39.22
2022-06-06,Geothermal,13.81
2022-06-06,Hydro,123.74
2022-06-06,Photovoltaic,110.56
2022-06-06,Wind,38.48
2022-06-07,Biomass,43.11
2022-06-07,Geothermal,14.21
2022-06-07,Hydro,123.17
2022-06-07,Photovoltaic,104.2
2022-06-07,Wind,43.79
2022-06-08,Biomass,41.87
2022-06-08,Geothermal,13.97
2022-06-08,Hydro,133.41
2022-06-08,Photovoltaic,100.39
2022-06-08,Wind,47.24
2022-06-09,Biomass,40.72
2022-06-09,Geothermal,13.94
2022-06-09,Hydro,141.32
2022-06-09,Photovoltaic,78.22
2022-06-09,Wind,68.79
2022-06-10,Biomass,37.23
2022-06-10,Geothermal,13.99
2022-06-10,Hydro,126.76
2022-06-10,Photovoltaic,101.97
2022-06-10,Wind,126.83
2022-06-11,Biomass,26.52
2022-06-11,Geothermal,14.34
2022-06-11,Hydro,102.78
2022-06-11,Photovoltaic,135.15
2022-06-11,Wind,136.24
2022-06-12,Biomass,23.32
2022-06-12,Geothermal,14.26
2022-06-12,Hydro,96.0
2022-06-12,Photovoltaic,137.7
2022-06-12,Wind,105.95
2022-06-13,Biomass,39.09
2022-06-13,Geothermal,14.4
2022-06-13,Hydro,117.16
2022-06-13,Photovoltaic,119.21
2022-06-13,Wind,53.32
2022-06-14,Biomass,44.84
2022-06-14,Geothermal,14.27
2022-06-14,Hydro,112.08
2022-06-14,Photovoltaic,119.91
2022-06-14,Wind,21.26
2022-06-15,Biomass,45.92
2022-06-15,Geothermal,14.12
2022-06-15,Hydro,121.1
2022-06-15,Photovoltaic,114.19
2022-06-15,Wind,13.69
2022-06-16,Biomass,46.97
2022-06-16,Geothermal,13.95
2022-06-16,Hydro,136.51
2022-06-16,Photovoltaic,115.55
2022-06-16,Wind,9.87
2022-06-17,Biomass,47.56
2022-06-17,Geothermal,14.15
2022-06-17,Hydro,140.92
2022-06-17,Photovoltaic,105.85
2022-06-17,Wind,25.71
2022-06-18,Biomass,35.14
2022-06-18,Geothermal,14.28
2022-06-18,Hydro,92.01
2022-06-18,Photovoltaic,128.5
2022-06-18,Wind,75.63
2022-06-19,Biomass,32.28
2022-06-19,Geothermal,14.35
2022-06-19,Hydro,85.33
2022-06-19,Photovoltaic,130.26
2022-06-19,Wind,21.11
2022-06-20,Biomass,46.07
2022-06-20,Geothermal,14.38
2022-06-20,Hydro,127.28
2022-06-20,Photovoltaic,119.76
2022-06-20,Wind,36.17
2022-06-21,Biomass,45.95
2022-06-21,Geothermal,14.22
2022-06-21,Hydro,138.72
2022-06-21,Photovoltaic,110.43
2022-06-21,Wind,51.46
2022-06-22,Biomass,49.96
2022-06-22,Geothermal,14.25
2022-06-22,Hydro,131.84
2022-06-22,Photovoltaic,83.84
2022-06-22,Wind,33.95
2022-06-23,Biomass,50.0
2022-06-23,Geothermal,14.0
2022-06-23,Hydro,117.48
2022-06-23,Photovoltaic,82.74
2022-06-23,Wind,43.59
2022-06-24,Biomass,47.4
2022-06-24,Geothermal,14.12
2022-06-24,Hydro,128.9
2022-06-24,Photovoltaic,98.66
2022-06-24,Wind,43.2
2022-06-25,Biomass,35.43
2022-06-25,Geothermal,14.16
2022-06-25,Hydro,104.92
2022-06-25,Photovoltaic,118.95
2022-06-25,Wind,52.21
2022-06-26,Biomass,32.74
2022-06-26,Geothermal,14.16
2022-06-26,Hydro,99.23
2022-06-26,Photovoltaic,125.89
2022-06-26,Wind,19.3
2022-06-27,Biomass,48.65
2022-06-27,Geothermal,14.13
2022-06-27,Hydro,121.42
2022-06-27,Photovoltaic,106.25
2022-06-27,Wind,28.11
2022-06-28,Biomass,52.53
2022-06-28,Geothermal,13.64
2022-06-28,Hydro,139.64
2022-06-28,Photovoltaic,67.86
2022-06-28,Wind,31.25
2022-06-29,Biomass,50.58
2022-06-29,Geothermal,14.01
2022-06-29,Hydro,129.1
2022-06-29,Photovoltaic,114.17
2022-06-29,Wind,45.01
2022-06-30,Biomass,51.12
2022-06-30,Geothermal,14.84
2022-06-30,Hydro,133.11
2022-06-30,Photovoltaic,113.79
2022-06-30,Wind,15.64
2022-07-01,Biomass,46.65
2022-07-01,Geothermal,14.78
2022-07-01,Hydro,117.79
2022-07-01,Photovoltaic,107.79
2022-07-01,Wind,22.0
2022-07-02,Biomass,36.16
2022-07-02,Geothermal,14.88
2022-07-02,Hydro,101.86
2022-07-02,Photovoltaic,126.91
2022-07-02,Wind,36.66
2022-07-03,Biomass,36.86
2022-07-03,Geothermal,14.77
2022-07-03,Hydro,94.61
2022-07-03,Photovoltaic,123.88
2022-07-03,Wind,25.45
2022-07-04,Biomass,47.76
2022-07-04,Geothermal,14.78
2022-07-04,Hydro,122.36
2022-07-04,Photovoltaic,100.35
2022-07-04,Wind,18.75
2022-07-05,Biomass,45.36
2022-07-05,Geothermal,14.74
2022-07-05,Hydro,119.52
2022-07-05,Photovoltaic,107.79
2022-07-05,Wind,41.04
2022-07-06,Biomass,45.42
2022-07-06,Geothermal,14.68
2022-07-06,Hydro,123.18
2022-07-06,Photovoltaic,106.44
2022-07-06,Wind,40.62
2022-07-07,Biomass,47.2
2022-07-07,Geothermal,14.72
2022-07-07,Hydro,110.66
2022-07-07,Photovoltaic,99.37
2022-07-07,Wind,24.6
2022-07-08,Biomass,38.82
2022-07-08,Geothermal,14.87
2022-07-08,Hydro,109.7
2022-07-08,Photovoltaic,109.77
2022-07-08,Wind,110.95
2022-07-09,Biomass,28.25
2022-07-09,Geothermal,14.99
2022-07-09,Hydro,91.52
2022-07-09,Photovoltaic,128.37
2022-07-09,Wind,125.72
2022-07-10,Biomass,27.2
2022-07-10,Geothermal,14.99
2022-07-10,Hydro,81.55
2022-07-10,Photovoltaic,130.56
2022-07-10,Wind,67.61
2022-07-11,Biomass,41.51
2022-07-11,Geothermal,14.66
2022-07-11,Hydro,101.3
2022-07-11,Photovoltaic,114.98
2022-07-11,Wind,26.44
2022-07-12,Biomass,45.48
2022-07-12,Geothermal,14.4
2022-07-12,Hydro,98.52
2022-07-12,Photovoltaic,106.64
2022-07-12,Wind,16.03
2022-07-13,Biomass,44.08
2022-07-13,Geothermal,14.11
2022-07-13,Hydro,102.56
2022-07-13,Photovoltaic,116.22
2022-07-13,Wind,45.32
2022-07-14,Biomass,45.05
2022-07-14,Geothermal,14.56
2022-07-14,Hydro,98.19
2022-07-14,Photovoltaic,114.69
2022-07-14,Wind,24.17
2022-07-15,Biomass,44.1
2022-07-15,Geothermal,14.63
2022-07-15,Hydro,106.7
2022-07-15,Photovoltaic,116.9
2022-07-15,Wind,11.93
2022-07-16,Biomass,37.46
2022-07-16,Geothermal,14.72
2022-07-16,Hydro,92.76
2022-07-16,Photovoltaic,124.58
2022-07-16,Wind,11.34
2022-07-17,Biomass,34.52
2022-07-17,Geothermal,14.7
2022-07-17,Hydro,87.65
2022-07-17,Photovoltaic,125.37
2022-07-17,Wind,11.81
2022-07-18,Biomass,47.89
2022-07-18,Geothermal,14.63
2022-07-18,Hydro,124.33
2022-07-18,Photovoltaic,110.74
2022-07-18,Wind,36.23
2022-07-19,Biomass,50.22
2022-07-19,Geothermal,14.75
2022-07-19,Hydro,118.71
2022-07-19,Photovoltaic,114.14
2022-07-19,Wind,26.56
2022-07-20,Biomass,51.58
2022-07-20,Geothermal,14.72
2022-07-20,Hydro,136.93
2022-07-20,Photovoltaic,113.81
2022-07-20,Wind,10.07
2022-07-21,Biomass,49.43
2022-07-21,Geothermal,14.62
2022-07-21,Hydro,139.03
2022-07-21,Photovoltaic,113.08
2022-07-21,Wind,9.78
2022-07-22,Biomass,50.27
2022-07-22,Geothermal,14.59
2022-07-22,Hydro,148.92
2022-07-22,Photovoltaic,112.75
2022-07-22,Wind,10.06
2022-07-23,Biomass,46.81
2022-07-23,Geothermal,14.68
2022-07-23,Hydro,89.41
2022-07-23,Photovoltaic,113.79
2022-07-23,Wind,18.11
2022-07-24,Biomass,39.39
2022-07-24,Geothermal,14.59
2022-07-24,Hydro,82.41
2022-07-24,Photovoltaic,120.73
2022-07-24,Wind,29.02
2022-07-25,Biomass,47.23
2022-07-25,Geothermal,14.53
2022-07-25,Hydro,149.36
2022-07-25,Photovoltaic,109.29
2022-07-25,Wind,25.83
2022-07-26,Biomass,50.37
2022-07-26,Geothermal,14.49
2022-07-26,Hydro,129.65
2022-07-26,Photovoltaic,107.2
2022-07-26,Wind,38.36
2022-07-27,Biomass,50.13
2022-07-27,Geothermal,14.37
2022-07-27,Hydro,120.95
2022-07-27,Photovoltaic,107.13
2022-07-27,Wind,29.41
2022-07-28,Biomass,48.56
2022-07-28,Geothermal,14.48
2022-07-28,Hydro,123.4
2022-07-28,Photovoltaic,110.08
2022-07-28,Wind,14.52
2022-07-29,Biomass,47.8
2022-07-29,Geothermal,14.6
2022-07-29,Hydro,106.9
2022-07-29,Photovoltaic,103.52
2022-07-29,Wind,11.75
2022-07-30,Biomass,39.08
2022-07-30,Geothermal,14.41
2022-07-30,Hydro,91.78
2022-07-30,Photovoltaic,120.7
2022-07-30,Wind,37.82
2022-07-31,Biomass,32.09
2022-07-31,Geothermal,14.65
2022-07-31,Hydro,81.36
2022-07-31,Photovoltaic,127.61
2022-07-31,Wind,63.01
2022-08-01,Biomass,48.82
2022-08-01,Geothermal,14.84
2022-08-01,Hydro,78.16
2022-08-01,Photovoltaic,110.55
2022-08-01,Wind,67.38
2022-08-02,Biomass,50.93
2022-08-02,Geothermal,14.37
2022-08-02,Hydro,95.42
2022-08-02,Photovoltaic,102.27
2022-08-02,Wind,38.18
2022-08-03,Biomass,50.11
2022-08-03,Geothermal,14.72
2022-08-03,Hydro,98.43
2022-08-03,Photovoltaic,106.49
2022-08-03,Wind,30.83
2022-08-04,Biomass,52.26
2022-08-04,Geothermal,14.64
2022-08-04,Hydro,110.81
2022-08-04,Photovoltaic,105.9
2022-08-04,Wind,10.64
2022-08-05,Biomass,51.46
2022-08-05,Geothermal,14.61
2022-08-05,Hydro,92.62
2022-08-05,Photovoltaic,104.22
2022-08-05,Wind,14.73
2022-08-06,Biomass,44.29
2022-08-06,Geothermal,14.72
2022-08-06,Hydro,84.45
2022-08-06,Photovoltaic,109.79
2022-08-06,Wind,31.23
2022-08-07,Biomass,35.77
2022-08-07,Geothermal,14.64
2022-08-07,Hydro,80.53
2022-08-07,Photovoltaic,100.81
2022-08-07,Wind,59.73
2022-08-08,Biomass,43.01
2022-08-08,Geothermal,14.64
2022-08-08,Hydro,89.47
2022-08-08,Photovoltaic,104.53
2022-08-08,Wind,39.54
2022-08-09,Biomass,42.91
2022-08-09,Geothermal,14.73
2022-08-09,Hydro,78.46
2022-08-09,Photovoltaic,100.5
2022-08-09,Wind,47.93
2022-08-10,Biomass,40.17
2022-08-10,Geothermal,14.71
2022-08-10,Hydro,88.32
2022-08-10,Photovoltaic,111.28
2022-08-10,Wind,56.71
2022-08-11,Biomass,41.23
2022-08-11,Geothermal,14.88
2022-08-11,Hydro,91.81
2022-08-11,Photovoltaic,106.55
2022-08-11,Wind,39.82
2022-08-12,Biomass,40.68
2022-08-12,Geothermal,14.91
2022-08-12,Hydro,80.94
2022-08-12,Photovoltaic,88.63
2022-08-12,Wind,21.78
2022-08-13,Biomass,32.91
2022-08-13,Geothermal,14.88
2022-08-13,Hydro,75.83
2022-08-13,Photovoltaic,105.07
2022-08-13,Wind,28.9
2022-08-14,Biomass,29.93
2022-08-14,Geothermal,14.96
2022-08-14,Hydro,85.84
2022-08-14,Photovoltaic,107.58
2022-08-14,Wind,40.01
2022-08-15,Biomass,30.05
2022-08-15,Geothermal,14.64
2022-08-15,Hydro,78.37
2022-08-15,Photovoltaic,100.17
2022-08-15,Wind,41.4
2022-08-16,Biomass,40.01
2022-08-16,Geothermal,14.65
2022-08-16,Hydro,91.46
2022-08-16,Photovoltaic,105.38
2022-08-16,Wind,50.21
2022-08-17,Biomass,45.23
2022-08-17,Geothermal,14.64
2022-08-17,Hydro,87.0
2022-08-17,Photovoltaic,92.26
2022-08-17,Wind,23.26
2022-08-18,Biomass,46.36
2022-08-18,Geothermal,14.76
2022-08-18,Hydro,90.9
2022-08-18,Photovoltaic,60.75
2022-08-18,Wind,37.74
2022-08-19,Biomass,42.23
2022-08-19,Geothermal,14.75
2022-08-19,Hydro,92.09
2022-08-19,Photovoltaic,77.41
2022-08-19,Wind,87.61
2022-08-20,Biomass,33.47
2022-08-20,Geothermal,14.74
2022-08-20,Hydro,86.01
2022-08-20,Photovoltaic,106.93
2022-08-20,Wind,50.86
2022-08-21,Biomass,28.96
2022-08-21,Geothermal,14.71
2022-08-21,Hydro,75.12
2022-08-21,Photovoltaic,108.95
2022-08-21,Wind,67.37
2022-08-22,Biomass,42.8
2022-08-22,Geothermal,14.87
2022-08-22,Hydro,77.85
2022-08-22,Photovoltaic,107.71
2022-08-22,Wind,46.11
2022-08-23,Biomass,47.25
2022-08-23,Geothermal,14.78
2022-08-23,Hydro,86.33
2022-08-23,Photovoltaic,99.88
2022-08-23,Wind,34.2
2022-08-24,Biomass,46.31
2022-08-24,Geothermal,14.76
2022-08-24,Hydro,80.15
2022-08-24,Photovoltaic,105.96
2022-08-24,Wind,64.17
2022-08-25,Biomass,47.95
2022-08-25,Geothermal,14.82
2022-08-25,Hydro,72.98
2022-08-25,Photovoltaic,105.76
2022-08-25,Wind,54.12
2022-08-26,Biomass,49.07
2022-08-26,Geothermal,14.84
2022-08-26,Hydro,99.54
2022-08-26,Photovoltaic,99.55
2022-08-26,Wind,18.53
2022-08-27,Biomass,43.0
2022-08-27,Geothermal,14.62
2022-08-27,Hydro,74.5
2022-08-27,Photovoltaic,87.91
2022-08-27,Wind,15.91
2022-08-28,Biomass,38.37
2022-08-28,Geothermal,14.76
2022-08-28,Hydro,66.89
2022-08-28,Photovoltaic,89.34
2022-08-28,Wind,18.38
2022-08-29,Biomass,51.39
2022-08-29,Geothermal,14.63
2022-08-29,Hydro,86.11
2022-08-29,Photovoltaic,87.73
2022-08-29,Wind,17.24
2022-08-30,Biomass,53.76
2022-08-30,Geothermal,14.55
2022-08-30,Hydro,98.21
2022-08-30,Photovoltaic,82.66
2022-08-30,Wind,25.12
2022-08-31,Biomass,55.42
2022-08-31,Geothermal,14.6
2022-08-31,Hydro,96.19
2022-08-31,Photovoltaic,74.85
2022-08-31,Wind,29.87
2022-09-01,Biomass,52.44
2022-09-01,Geothermal,14.63
2022-09-01,Hydro,72.38
2022-09-01,Photovoltaic,68.82
2022-09-01,Wind,37.51
2022-09-02,Biomass,49.72
2022-09-02,Geothermal,14.63
2022-09-02,Hydro,82.07
2022-09-02,Photovoltaic,92.95
2022-09-02,Wind,42.49
2022-09-03,Biomass,41.88
2022-09-03,Geothermal,14.67
2022-09-03,Hydro,67.28
2022-09-03,Photovoltaic,73.19
2022-09-03,Wind,16.05
2022-09-04,Biomass,33.93
2022-09-04,Geothermal,14.64
2022-09-04,Hydro,69.18
2022-09-04,Photovoltaic,89.37
2022-09-04,Wind,22.02
2022-09-05,Biomass,46.89
2022-09-05,Geothermal,14.35
2022-09-05,Hydro,88.88
2022-09-05,Photovoltaic,100.16
2022-09-05,Wind,28.49
2022-09-06,Biomass,51.64
2022-09-06,Geothermal,14.4
2022-09-06,Hydro,84.34
2022-09-06,Photovoltaic,97.91
2022-09-06,Wind,9.07
2022-09-07,Biomass,51.86
2022-09-07,Geothermal,14.22
2022-09-07,Hydro,89.23
2022-09-07,Photovoltaic,82.92
2022-09-07,Wind,20.34
2022-09-08,Biomass,48.57
2022-09-08,Geothermal,14.03
2022-09-08,Hydro,99.94
2022-09-08,Photovoltaic,72.54
2022-09-08,Wind,45.23
2022-09-09,Biomass,45.78
2022-09-09,Geothermal,14.12
2022-09-09,Hydro,88.03
2022-09-09,Photovoltaic,92.14
2022-09-09,Wind,74.51
2022-09-10,Biomass,33.74
2022-09-10,Geothermal,14.12
2022-09-10,Hydro,86.06
2022-09-10,Photovoltaic,100.55
2022-09-10,Wind,80.11
2022-09-11,Biomass,30.71
2022-09-11,Geothermal,14.64
2022-09-11,Hydro,72.15
2022-09-11,Photovoltaic,108.88
2022-09-11,Wind,66.64
2022-09-12,Biomass,46.41
2022-09-12,Geothermal,14.63
2022-09-12,Hydro,80.42
2022-09-12,Photovoltaic,102.71
2022-09-12,Wind,37.24
2022-09-13,Biomass,50.65
2022-09-13,Geothermal,14.62
2022-09-13,Hydro,74.54
2022-09-13,Photovoltaic,97.54
2022-09-13,Wind,15.23
2022-09-14,Biomass,51.33
2022-09-14,Geothermal,14.46
2022-09-14,Hydro,79.28
2022-09-14,Photovoltaic,73.74
2022-09-14,Wind,48.11
2022-09-15,Biomass,47.14
2022-09-15,Geothermal,14.44
2022-09-15,Hydro,78.85
2022-09-15,Photovoltaic,57.7
2022-09-15,Wind,72.8
2022-09-16,Biomass,41.68
2022-09-16,Geothermal,14.63
2022-09-16,Hydro,87.31
2022-09-16,Photovoltaic,79.63
2022-09-16,Wind,85.73
2022-09-17,Biomass,32.37
2022-09-17,Geothermal,14.99
2022-09-17,Hydro,61.5
2022-09-17,Photovoltaic,77.93
2022-09-17,Wind,136.67
2022-09-18,Biomass,28.39
2022-09-18,Geothermal,14.86
2022-09-18,Hydro,57.12
2022-09-18,Photovoltaic,114.37
2022-09-18,Wind,45.4
2022-09-19,Biomass,41.71
2022-09-19,Geothermal,14.85
2022-09-19,Hydro,55.62
2022-09-19,Photovoltaic,90.74
2022-09-19,Wind,43.41
2022-09-20,Biomass,48.97
2022-09-20,Geothermal,14.84
2022-09-20,Hydro,52.74
2022-09-20,Photovoltaic,91.09
2022-09-20,Wind,20.03
2022-09-21,Biomass,49.03
2022-09-21,Geothermal,15.17
2022-09-21,Hydro,54.2
2022-09-21,Photovoltaic,86.61
2022-09-21,Wind,56.61
2022-09-22,Biomass,43.69
2022-09-22,Geothermal,15.12
2022-09-22,Hydro,66.33
2022-09-22,Photovoltaic,88.08
2022-09-22,Wind,53.02
2022-09-23,Biomass,45.18
2022-09-23,Geothermal,15.11
2022-09-23,Hydro,63.56
2022-09-23,Photovoltaic,97.58
2022-09-23,Wind,44.12
2022-09-24,Biomass,36.24
2022-09-24,Geothermal,14.81
2022-09-24,Hydro,62.54
2022-09-24,Photovoltaic,56.56
2022-09-24,Wind,49.45
2022-09-25,Biomass,29.58
2022-09-25,Geothermal,14.03
2022-09-25,Hydro,56.59
2022-09-25,Photovoltaic,43.16
2022-09-25,Wind,74.3
2022-09-26,Biomass,39.23
2022-09-26,Geothermal,14.77
2022-09-26,Hydro,67.8
2022-09-26,Photovoltaic,53.02
2022-09-26,Wind,68.06
2022-09-27,Biomass,40.31
2022-09-27,Geothermal,14.89
2022-09-27,Hydro,61.51
2022-09-27,Photovoltaic,86.73
2022-09-27,Wind,126.08
2022-09-28,Biomass,43.95
2022-09-28,Geothermal,14.88
2022-09-28,Hydro,69.88
2022-09-28,Photovoltaic,64.19
2022-09-28,Wind,123.13
2022-09-29,Biomass,45.71
2022-09-29,Geothermal,14.81
2022-09-29,Hydro,73.43
2022-09-29,Photovoltaic,60.88
2022-09-29,Wind,96.28
2022-09-30,Biomass,43.39
2022-09-30,Geothermal,14.95
2022-09-30,Hydro,82.62
2022-09-30,Photovoltaic,42.62
2022-09-30,Wind,76.95
2022-10-01,Biomass,32.98
2022-10-01,Geothermal,14.93
2022-10-01,Hydro,54.36
2022-10-01,Photovoltaic,85.38
2022-10-01,Wind,100.0
2022-10-02,Biomass,28.02
2022-10-02,Geothermal,14.85
2022-10-02,Hydro,51.84
2022-10-02,Photovoltaic,96.57
2022-10-02,Wind,94.42
2022-10-03,Biomass,40.13
2022-10-03,Geothermal,14.88
2022-10-03,Hydro,66.66
2022-10-03,Photovoltaic,85.6
2022-10-03,Wind,71.7
2022-10-04,Biomass,44.42
2022-10-04,Geothermal,14.51
2022-10-04,Hydro,66.49
2022-10-04,Photovoltaic,78.2
2022-10-04,Wind,33.02
2022-10-05,Biomass,46.16
2022-10-05,Geothermal,14.71
2022-10-05,Hydro,64.41
2022-10-05,Photovoltaic,80.66
2022-10-05,Wind,22.76
2022-10-06,Biomass,49.42
2022-10-06,Geothermal,14.83
2022-10-06,Hydro,61.7
2022-10-06,Photovoltaic,78.32
2022-10-06,Wind,14.68
2022-10-07,Biomass,44.34
2022-10-07,Geothermal,14.84
2022-10-07,Hydro,65.69
2022-10-07,Photovoltaic,82.21
2022-10-07,Wind,20.63
2022-10-08,Biomass,35.62
2022-10-08,Geothermal,14.88
2022-10-08,Hydro,56.5
2022-10-08,Photovoltaic,79.09
2022-10-08,Wind,11.07
2022-10-09,Biomass,33.34
2022-10-09,Geothermal,14.88
2022-10-09,Hydro,50.62
2022-10-09,Photovoltaic,54.34
2022-10-09,Wind,13.59
2022-10-10,Biomass,46.98
2022-10-10,Geothermal,14.67
2022-10-10,Hydro,60.61
2022-10-10,Photovoltaic,39.06
2022-10-10,Wind,16.02
2022-10-11,Biomass,50.13
2022-10-11,Geothermal,14.55
2022-10-11,Hydro,56.48
2022-10-11,Photovoltaic,71.36
2022-10-11,Wind,32.55
2022-10-12,Biomass,50.98
2022-10-12,Geothermal,14.4
2022-10-12,Hydro,53.35
2022-10-12,Photovoltaic,65.62
2022-10-12,Wind,18.18
2022-10-13,Biomass,51.02
2022-10-13,Geothermal,14.64
2022-10-13,Hydro,49.7
2022-10-13,Photovoltaic,45.72
2022-10-13,Wind,36.2
2022-10-14,Biomass,47.58
2022-10-14,Geothermal,14.65
2022-10-14,Hydro,49.95
2022-10-14,Photovoltaic,67.66
2022-10-14,Wind,79.85
2022-10-15,Biomass,40.78
2022-10-15,Geothermal,14.85
2022-10-15,Hydro,44.57
2022-10-15,Photovoltaic,76.02
2022-10-15,Wind,19.53
2022-10-16,Biomass,37.68
2022-10-16,Geothermal,14.86
2022-10-16,Hydro,41.16
2022-10-16,Photovoltaic,74.2
2022-10-16,Wind,4.65
2022-10-17,Biomass,48.91
2022-10-17,Geothermal,14.8
2022-10-17,Hydro,57.93
2022-10-17,Photovoltaic,69.01
2022-10-17,Wind,11.45
2022-10-18,Biomass,52.9
2022-10-18,Geothermal,14.7
2022-10-18,Hydro,57.11
2022-10-18,Photovoltaic,72.36
2022-10-18,Wind,12.32
2022-10-19,Biomass,51.69
2022-10-19,Geothermal,14.79
2022-10-19,Hydro,48.31
2022-10-19,Photovoltaic,68.86
2022-10-19,Wind,48.74
2022-10-20,Biomass,50.38
2022-10-20,Geothermal,14.85
2022-10-20,Hydro,50.36
2022-10-20,Photovoltaic,65.24
2022-10-20,Wind,32.28
2022-10-21,Biomass,51.51
2022-10-21,Geothermal,14.83
2022-10-21,Hydro,49.15
2022-10-21,Photovoltaic,39.8
2022-10-21,Wind,30.76
2022-10-22,Biomass,38.07
2022-10-22,Geothermal,14.54
2022-10-22,Hydro,71.6
2022-10-22,Photovoltaic,47.12
2022-10-22,Wind,83.47
2022-10-23,Biomass,36.92
2022-10-23,Geothermal,14.57
2022-10-23,Hydro,81.86
2022-10-23,Photovoltaic,55.27
2022-10-23,Wind,33.09
2022-10-24,Biomass,47.76
2022-10-24,Geothermal,14.42
2022-10-24,Hydro,87.9
2022-10-24,Photovoltaic,52.55
2022-10-24,Wind,64.64
2022-10-25,Biomass,49.81
2022-10-25,Geothermal,14.6
2022-10-25,Hydro,104.75
2022-10-25,Photovoltaic,55.51
2022-10-25,Wind,50.22
2022-10-26,Biomass,52.98
2022-10-26,Geothermal,14.61
2022-10-26,Hydro,112.5
2022-10-26,Photovoltaic,61.86
2022-10-26,Wind,14.79
2022-10-27,Biomass,54.28
2022-10-27,Geothermal,14.62
2022-10-27,Hydro,85.76
2022-10-27,Photovoltaic,59.34
2022-10-27,Wind,17.79
2022-10-28,Biomass,52.82
2022-10-28,Geothermal,14.63
2022-10-28,Hydro,83.91
2022-10-28,Photovoltaic,67.61
2022-10-28,Wind,22.45
2022-10-29,Biomass,44.85
2022-10-29,Geothermal,14.7
2022-10-29,Hydro,75.0
2022-10-29,Photovoltaic,75.35
2022-10-29,Wind,26.32
2022-10-30,Biomass,47.74
2022-10-30,Geothermal,15.27
2022-10-30,Hydro,65.15
2022-10-30,Photovoltaic,77.81
2022-10-30,Wind,21.98
2022-10-31,Biomass,46.91
2022-10-31,Geothermal,14.65
2022-10-31,Hydro,71.45
2022-10-31,Photovoltaic,75.86
2022-10-31,Wind,14.16
2022-11-01,Biomass,38.74
2022-11-01,Geothermal,14.72
2022-11-01,Hydro,66.33
2022-11-01,Photovoltaic,52.51
2022-11-01,Wind,7.23
2022-11-02,Biomass,51.77
2022-11-02,Geothermal,14.7
2022-11-02,Hydro,81.27
2022-11-02,Photovoltaic,48.42
2022-11-02,Wind,10.5
2022-11-03,Biomass,53.83
2022-11-03,Geothermal,14.42
2022-11-03,Hydro,78.71
2022-11-03,Photovoltaic,40.91
2022-11-03,Wind,36.12
2022-11-04,Biomass,46.34
2022-11-04,Geothermal,14.59
2022-11-04,Hydro,88.22
2022-11-04,Photovoltaic,43.7
2022-11-04,Wind,113.7
2022-11-05,Biomass,36.38
2022-11-05,Geothermal,14.75
2022-11-05,Hydro,69.6
2022-11-05,Photovoltaic,50.07
2022-11-05,Wind,96.65
2022-11-06,Biomass,33.24
2022-11-06,Geothermal,14.8
2022-11-06,Hydro,62.9
2022-11-06,Photovoltaic,62.49
2022-11-06,Wind,107.2
2022-11-07,Biomass,49.38
2022-11-07,Geothermal,14.64
2022-11-07,Hydro,78.64
2022-11-07,Photovoltaic,65.57
2022-11-07,Wind,18.05
2022-11-08,Biomass,52.91
2022-11-08,Geothermal,14.61
2022-11-08,Hydro,77.84
2022-11-08,Photovoltaic,57.95
2022-11-08,Wind,3.5
2022-11-09,Biomass,51.46
2022-11-09,Geothermal,14.43
2022-11-09,Hydro,99.88
2022-11-09,Photovoltaic,41.76
2022-11-09,Wind,16.03
2022-11-10,Biomass,50.53
2022-11-10,Geothermal,14.62
2022-11-10,Hydro,77.3
2022-11-10,Photovoltaic,35.05
2022-11-10,Wind,19.59
2022-11-11,Biomass,42.95
2022-11-11,Geothermal,14.82
2022-11-11,Hydro,79.34
2022-11-11,Photovoltaic,48.09
2022-11-11,Wind,79.08
2022-11-12,Biomass,40.44
2022-11-12,Geothermal,14.85
2022-11-12,Hydro,69.29
2022-11-12,Photovoltaic,24.42
2022-11-12,Wind,81.83
2022-11-13,Biomass,37.96
2022-11-13,Geothermal,14.85
2022-11-13,Hydro,53.46
2022-11-13,Photovoltaic,46.01
2022-11-13,Wind,23.66
2022-11-14,Biomass,51.64
2022-11-14,Geothermal,14.68
2022-11-14,Hydro,75.68
2022-11-14,Photovoltaic,32.03
2022-11-14,Wind,21.62
2022-11-15,Biomass,53.67
2022-11-15,Geothermal,14.46
2022-11-15,Hydro,73.55
2022-11-15,Photovoltaic,25.23
2022-11-15,Wind,40.2
2022-11-16,Biomass,47.98
2022-11-16,Geothermal,14.46
2022-11-16,Hydro,94.64
2022-11-16,Photovoltaic,21.83
2022-11-16,Wind,90.75
2022-11-17,Biomass,44.4
2022-11-17,Geothermal,14.77
2022-11-17,Hydro,76.03
2022-11-17,Photovoltaic,37.35
2022-11-17,Wind,77.04
2022-11-18,Biomass,44.77
2022-11-18,Geothermal,14.88
2022-11-18,Hydro,86.15
2022-11-18,Photovoltaic,44.04
2022-11-18,Wind,131.99
2022-11-19,Biomass,36.21
2022-11-19,Geothermal,14.82
2022-11-19,Hydro,76.52
2022-11-19,Photovoltaic,18.38
2022-11-19,Wind,100.46
2022-11-20,Biomass,33.97
2022-11-20,Geothermal,14.87
2022-11-20,Hydro,60.19
2022-11-20,Photovoltaic,44.83
2022-11-20,Wind,87.94
2022-11-21,Biomass,48.6
2022-11-21,Geothermal,14.91
2022-11-21,Hydro,86.07
2022-11-21,Photovoltaic,50.13
2022-11-21,Wind,94.31
2022-11-22,Biomass,47.12
2022-11-22,Geothermal,14.78
2022-11-22,Hydro,94.03
2022-11-22,Photovoltaic,12.76
2022-11-22,Wind,179.27
2022-11-23,Biomass,47.87
2022-11-23,Geothermal,14.88
2022-11-23,Hydro,91.8
2022-11-23,Photovoltaic,50.66
2022-11-23,Wind,99.66
2022-11-24,Biomass,50.64
2022-11-24,Geothermal,14.88
2022-11-24,Hydro,88.4
2022-11-24,Photovoltaic,55.89
2022-11-24,Wind,39.03
2022-11-25,Biomass,51.83
2022-11-25,Geothermal,14.88
2022-11-25,Hydro,80.25
2022-11-25,Photovoltaic,36.28
2022-11-25,Wind,19.14
2022-11-26,Biomass,36.27
2022-11-26,Geothermal,14.88
2022-11-26,Hydro,83.04
2022-11-26,Photovoltaic,27.43
2022-11-26,Wind,99.34
2022-11-27,Biomass,31.06
2022-11-27,Geothermal,14.77
2022-11-27,Hydro,86.03
2022-11-27,Photovoltaic,44.72
2022-11-27,Wind,109.01
2022-11-28,Biomass,53.63
2022-11-28,Geothermal,14.89
2022-11-28,Hydro,89.36
2022-11-28,Photovoltaic,25.56
2022-11-28,Wind,20.74
2022-11-29,Biomass,60.65
2022-11-29,Geothermal,14.8
2022-11-29,Hydro,92.67
2022-11-29,Photovoltaic,22.42
2022-11-29,Wind,31.68
2022-11-30,Biomass,59.9
2022-11-30,Geothermal,15.12
2022-11-30,Hydro,89.69
2022-11-30,Photovoltaic,28.56
2022-11-30,Wind,104.57
2022-12-01,Biomass,56.26
2022-12-01,Geothermal,14.49
2022-12-01,Hydro,79.34
2022-12-01,Photovoltaic,36.28
2022-12-01,Wind,57.04
2022-12-02,Biomass,56.43
2022-12-02,Geothermal,14.66
2022-12-02,Hydro,79.75
2022-12-02,Photovoltaic,20.34
2022-12-02,Wind,30.17
2022-12-03,Biomass,44.32
2022-12-03,Geothermal,14.88
2022-12-03,Hydro,58.06
2022-12-03,Photovoltaic,12.67
2022-12-03,Wind,76.0
2022-12-04,Biomass,40.52
2022-12-04,Geothermal,14.54
2022-12-04,Hydro,74.26
2022-12-04,Photovoltaic,28.08
2022-12-04,Wind,52.16
2022-12-05,Biomass,54.06
2022-12-05,Geothermal,14.51
2022-12-05,Hydro,94.51
2022-12-05,Photovoltaic,31.7
2022-12-05,Wind,36.81
2022-12-06,Biomass,59.3
2022-12-06,Geothermal,14.84
2022-12-06,Hydro,91.54
2022-12-06,Photovoltaic,33.15
2022-12-06,Wind,34.31
2022-12-07,Biomass,61.17
2022-12-07,Geothermal,14.83
2022-12-07,Hydro,91.02
2022-12-07,Photovoltaic,31.09
2022-12-07,Wind,8.63
2022-12-08,Biomass,51.97
2022-12-08,Geothermal,14.88
2022-12-08,Hydro,77.08
2022-12-08,Photovoltaic,31.84
2022-12-08,Wind,54.32
2022-12-09,Biomass,51.52
2022-12-09,Geothermal,14.83
2022-12-09,Hydro,83.64
2022-12-09,Photovoltaic,9.85
2022-12-09,Wind,130.83
2022-12-10,Biomass,46.17
2022-12-10,Geothermal,14.87
2022-12-10,Hydro,67.19
2022-12-10,Photovoltaic,10.82
2022-12-10,Wind,130.26
2022-12-11,Biomass,43.57
2022-12-11,Geothermal,14.97
2022-12-11,Hydro,77.48
2022-12-11,Photovoltaic,33.89
2022-12-11,Wind,128.07
2022-12-12,Biomass,58.44
2022-12-12,Geothermal,15.08
2022-12-12,Hydro,102.07
2022-12-12,Photovoltaic,40.07
2022-12-12,Wind,43.04
2022-12-13,Biomass,58.81
2022-12-13,Geothermal,14.88
2022-12-13,Hydro,111.33
2022-12-13,Photovoltaic,10.21
2022-12-13,Wind,50.95
2022-12-14,Biomass,60.6
2022-12-14,Geothermal,14.88
2022-12-14,Hydro,98.52
2022-12-14,Photovoltaic,11.61
2022-12-14,Wind,79.38
2022-12-15,Biomass,56.36
2022-12-15,Geothermal,14.6
2022-12-15,Hydro,106.04
2022-12-15,Photovoltaic,16.11
2022-12-15,Wind,82.2
2022-12-16,Biomass,53.86
2022-12-16,Geothermal,14.77
2022-12-16,Hydro,98.75
2022-12-16,Photovoltaic,17.81
2022-12-16,Wind,111.39
2022-12-17,Biomass,42.46
2022-12-17,Geothermal,14.88
2022-12-17,Hydro,84.08
2022-12-17,Photovoltaic,35.0
2022-12-17,Wind,57.99
2022-12-18,Biomass,37.91
2022-12-18,Geothermal,14.96
2022-12-18,Hydro,73.52
2022-12-18,Photovoltaic,41.96
2022-12-18,Wind,35.86
2022-12-19,Biomass,48.16
2022-12-19,Geothermal,14.96
2022-12-19,Hydro,75.29
2022-12-19,Photovoltaic,33.81
2022-12-19,Wind,25.36
2022-12-20,Biomass,49.76
2022-12-20,Geothermal,14.88
2022-12-20,Hydro,76.64
2022-12-20,Photovoltaic,33.96
2022-12-20,Wind,7.63
2022-12-21,Biomass,48.21
2022-12-21,Geothermal,14.77
2022-12-21,Hydro,80.3
2022-12-21,Photovoltaic,28.55
2022-12-21,Wind,27.95
2022-12-22,Biomass,44.42
2022-12-22,Geothermal,14.72
2022-12-22,Hydro,79.1
2022-12-22,Photovoltaic,27.61
2022-12-22,Wind,46.25
2022-12-23,Biomass,38.75
2022-12-23,Geothermal,14.88
2022-12-23,Hydro,69.88
2022-12-23,Photovoltaic,30.0
2022-12-23,Wind,61.22
2022-12-24,Biomass,29.67
2022-12-24,Geothermal,14.88
2022-12-24,Hydro,63.86
2022-12-24,Photovoltaic,21.55
2022-12-24,Wind,61.08
2022-12-25,Biomass,29.8
2022-12-25,Geothermal,14.88
2022-12-25,Hydro,55.01
2022-12-25,Photovoltaic,31.59
2022-12-25,Wind,16.96
2022-12-26,Biomass,30.96
2022-12-26,Geothermal,14.88
2022-12-26,Hydro,65.79
2022-12-26,Photovoltaic,25.76
2022-12-26,Wind,47.57
2022-12-27,Biomass,38.2
2022-12-27,Geothermal,14.87
2022-12-27,Hydro,59.96
2022-12-27,Photovoltaic,37.35
2022-12-27,Wind,55.72
2022-12-28,Biomass,37.52
2022-12-28,Geothermal,14.88
2022-12-28,Hydro,78.13
2022-12-28,Photovoltaic,35.4
2022-12-28,Wind,27.23
2022-12-29,Biomass,37.08
2022-12-29,Geothermal,14.82
2022-12-29,Hydro,68.42
2022-12-29,Photovoltaic,30.66
2022-12-29,Wind,44.78
2022-12-30,Biomass,33.47
2022-12-30,Geothermal,14.79
2022-12-30,Hydro,82.61
2022-12-30,Photovoltaic,25.27
2022-12-30,Wind,73.59
2022-12-31,Biomass,37.16
2022-12-31,Geothermal,14.88
2022-12-31,Hydro,61.34
2022-12-31,Photovoltaic,35.0
2022-12-31,Wind,22.02
2023-01-01,Biomass,26.88
2023-01-01,Geothermal,14.88
2023-01-01,Hydro,50.26
2023-01-01,Photovoltaic,35.59
2023-01-01,Wind,5.86
2023-01-02,Biomass,33.05
2023-01-02,Geothermal,14.78
2023-01-02,Hydro,56.39
2023-01-02,Photovoltaic,25.42
2023-01-02,Wind,18.82
2023-01-03,Biomass,33.34
2023-01-03,Geothermal,14.78
2023-01-03,Hydro,65.56
2023-01-03,Photovoltaic,21.61
2023-01-03,Wind,11.39
2023-01-04,Biomass,29.71
2023-01-04,Geothermal,14.72
2023-01-04,Hydro,79.0
2023-01-04,Photovoltaic,30.72
2023-01-04,Wind,17.51
2023-01-05,Biomass,31.92
2023-01-05,Geothermal,14.82
2023-01-05,Hydro,63.39
2023-01-05,Photovoltaic,34.92
2023-01-05,Wind,36.78
2023-01-06,Biomass,33.21
2023-01-06,Geothermal,14.88
2023-01-06,Hydro,53.02
2023-01-06,Photovoltaic,25.25
2023-01-06,Wind,14.55
2023-01-07,Biomass,31.7
2023-01-07,Geothermal,14.88
2023-01-07,Hydro,47.78
2023-01-07,Photovoltaic,24.9
2023-01-07,Wind,8.55
2023-01-08,Biomass,29.95
2023-01-08,Geothermal,14.87
2023-01-08,Hydro,45.36
2023-01-08,Photovoltaic,28.0
2023-01-08,Wind,69.87
2023-01-09,Biomass,43.48
2023-01-09,Geothermal,14.6
2023-01-09,Hydro,65.17
2023-01-09,Photovoltaic,16.16
2023-01-09,Wind,170.81
2023-01-10,Biomass,45.94
2023-01-10,Geothermal,14.88
2023-01-10,Hydro,78.67
2023-01-10,Photovoltaic,46.68
2023-01-10,Wind,161.21
2023-01-11,Biomass,48.03
2023-01-11,Geothermal,14.88
2023-01-11,Hydro,74.61
2023-01-11,Photovoltaic,43.9
2023-01-11,Wind,111.54
2023-01-12,Biomass,48.62
2023-01-12,Geothermal,14.87
2023-01-12,Hydro,74.07
2023-01-12,Photovoltaic,41.61
2023-01-12,Wind,68.72
2023-01-13,Biomass,49.62
2023-01-13,Geothermal,13.37
2023-01-13,Hydro,71.15
2023-01-13,Photovoltaic,29.78
2023-01-13,Wind,54.43
2023-01-14,Biomass,42.64
2023-01-14,Geothermal,14.88
2023-01-14,Hydro,60.03
2023-01-14,Photovoltaic,48.99
2023-01-14,Wind,64.1
2023-01-15,Biomass,39.76
2023-01-15,Geothermal,14.84
2023-01-15,Hydro,47.86
2023-01-15,Photovoltaic,30.01
2023-01-15,Wind,84.02
2023-01-16,Biomass,50.97
2023-01-16,Geothermal,14.87
2023-01-16,Hydro,74.28
2023-01-16,Photovoltaic,19.11
2023-01-16,Wind,147.04
2023-01-17,Biomass,52.87
2023-01-17,Geothermal,14.85
2023-01-17,Hydro,74.58
2023-01-17,Photovoltaic,11.8
2023-01-17,Wind,164.33
2023-01-18,Biomass,52.29
2023-01-18,Geothermal,14.48
2023-01-18,Hydro,79.51
2023-01-18,Photovoltaic,22.32
2023-01-18,Wind,141.78
2023-01-19,Biomass,50.94
2023-01-19,Geothermal,15.0
2023-01-19,Hydro,100.92
2023-01-19,Photovoltaic,29.12
2023-01-19,Wind,96.21
2023-01-20,Biomass,53.21
2023-01-20,Geothermal,14.73
2023-01-20,Hydro,91.97
2023-01-20,Photovoltaic,26.82
2023-01-20,Wind,103.34
2023-01-21,Biomass,46.18
2023-01-21,Geothermal,15.0
2023-01-21,Hydro,84.76
2023-01-21,Photovoltaic,31.48
2023-01-21,Wind,97.48
2023-01-22,Biomass,41.94
2023-01-22,Geothermal,14.88
2023-01-22,Hydro,81.06
2023-01-22,Photovoltaic,29.7
2023-01-22,Wind,32.88
2023-01-23,Biomass,52.69
2023-01-23,Geothermal,14.85
2023-01-23,Hydro,88.04
2023-01-23,Photovoltaic,23.73
2023-01-23,Wind,55.23
2023-01-24,Biomass,55.92
2023-01-24,Geothermal,14.69
2023-01-24,Hydro,81.63
2023-01-24,Photovoltaic,49.07
2023-01-24,Wind,33.88
2023-01-25,Biomass,54.27
2023-01-25,Geothermal,14.47
2023-01-25,Hydro,77.13
2023-01-25,Photovoltaic,34.54
2023-01-25,Wind,64.6
2023-01-26,Biomass,54.95
2023-01-26,Geothermal,14.88
2023-01-26,Hydro,71.71
2023-01-26,Photovoltaic,39.48
2023-01-26,Wind,81.24
2023-01-27,Biomass,51.41
2023-01-27,Geothermal,15.01
2023-01-27,Hydro,82.82
2023-01-27,Photovoltaic,45.29
2023-01-27,Wind,91.24
2023-01-28,Biomass,39.44
2023-01-28,Geothermal,15.01
2023-01-28,Hydro,61.9
2023-01-28,Photovoltaic,49.38
2023-01-28,Wind,47.53
2023-01-29,Biomass,37.9
2023-01-29,Geothermal,15.12
2023-01-29,Hydro,60.43
2023-01-29,Photovoltaic,64.7
2023-01-29,Wind,62.71
2023-01-30,Biomass,47.89
2023-01-30,Geothermal,14.75
2023-01-30,Hydro,79.2
2023-01-30,Photovoltaic,63.21
2023-01-30,Wind,61.49
2023-01-31,Biomass,55.22
2023-01-31,Geothermal,14.83
2023-01-31,Hydro,69.94
2023-01-31,Photovoltaic,67.97
2023-01-31,Wind,99.99
2023-02-01,Biomass,50.98
2023-02-01,Geothermal,14.74
2023-02-01,Hydro,67.15
2023-02-01,Photovoltaic,64.2
2023-02-01,Wind,80.18
2023-02-02,Biomass,51.22
2023-02-02,Geothermal,14.78
2023-02-02,Hydro,71.46
2023-02-02,Photovoltaic,67.89
2023-02-02,Wind,35.48
2023-02-03,Biomass,49.33
2023-02-03,Geothermal,14.87
2023-02-03,Hydro,67.36
2023-02-03,Photovoltaic,65.33
2023-02-03,Wind,66.03
2023-02-04,Biomass,42.04
2023-02-04,Geothermal,14.88
2023-02-04,Hydro,53.49
2023-02-04,Photovoltaic,62.21
2023-02-04,Wind,118.28
2023-02-05,Biomass,36.5
2023-02-05,Geothermal,15.1
2023-02-05,Hydro,50.28
2023-02-05,Photovoltaic,62.06
2023-02-05,Wind,160.57
2023-02-06,Biomass,41.88
2023-02-06,Geothermal,14.56
2023-02-06,Hydro,65.22
2023-02-06,Photovoltaic,56.97
2023-02-06,Wind,129.32
2023-02-07,Biomass,43.88
2023-02-07,Geothermal,14.56
2023-02-07,Hydro,67.25
2023-02-07,Photovoltaic,72.29
2023-02-07,Wind,86.84
2023-02-08,Biomass,49.65
2023-02-08,Geothermal,15.06
2023-02-08,Hydro,64.44
2023-02-08,Photovoltaic,64.58
2023-02-08,Wind,75.75
2023-02-09,Biomass,49.59
2023-02-09,Geothermal,15.12
2023-02-09,Hydro,71.39
2023-02-09,Photovoltaic,54.98
2023-02-09,Wind,76.68
2023-02-10,Biomass,50.86
2023-02-10,Geothermal,14.76
2023-02-10,Hydro,72.02
2023-02-10,Photovoltaic,73.82
2023-02-10,Wind,107.37
2023-02-11,Biomass,42.54
2023-02-11,Geothermal,14.69
2023-02-11,Hydro,49.81
2023-02-11,Photovoltaic,80.92
2023-02-11,Wind,40.82
2023-02-12,Biomass,34.36
2023-02-12,Geothermal,14.64
2023-02-12,Hydro,47.92
2023-02-12,Photovoltaic,74.65
2023-02-12,Wind,79.02
2023-02-13,Biomass,46.29
2023-02-13,Geothermal,14.72
2023-02-13,Hydro,58.65
2023-02-13,Photovoltaic,75.09
2023-02-13,Wind,35.92
2023-02-14,Biomass,47.08
2023-02-14,Geothermal,14.88
2023-02-14,Hydro,57.9
2023-02-14,Photovoltaic,78.41
2023-02-14,Wind,65.7
2023-02-15,Biomass,47.08
2023-02-15,Geothermal,14.74
2023-02-15,Hydro,60.31
2023-02-15,Photovoltaic,83.45
2023-02-15,Wind,39.4
2023-02-16,Biomass,44.37
2023-02-16,Geothermal,14.88
2023-02-16,Hydro,57.49
2023-02-16,Photovoltaic,58.77
2023-02-16,Wind,33.88
2023-02-17,Biomass,45.06
2023-02-17,Geothermal,14.87
2023-02-17,Hydro,56.04
2023-02-17,Photovoltaic,70.52
2023-02-17,Wind,32.24
2023-02-18,Biomass,34.48
2023-02-18,Geothermal,14.62
2023-02-18,Hydro,52.92
2023-02-18,Photovoltaic,71.82
2023-02-18,Wind,58.14
2023-02-19,Biomass,30.25
2023-02-19,Geothermal,14.64
2023-02-19,Hydro,39.85
2023-02-19,Photovoltaic,65.5
2023-02-19,Wind,76.29
2023-02-20,Biomass,42.92
2023-02-20,Geothermal,14.64
2023-02-20,Hydro,51.78
2023-02-20,Photovoltaic,70.38
2023-02-20,Wind,14.52
2023-02-21,Biomass,43.58
2023-02-21,Geothermal,14.73
2023-02-21,Hydro,56.21
2023-02-21,Photovoltaic,54.56
2023-02-21,Wind,32.27
2023-02-22,Biomass,42.62
2023-02-22,Geothermal,14.65
2023-02-22,Hydro,56.21
2023-02-22,Photovoltaic,43.63
2023-02-22,Wind,7.9
2023-02-23,Biomass,46.84
2023-02-23,Geothermal,14.5
2023-02-23,Hydro,53.7
2023-02-23,Photovoltaic,47.14
2023-02-23,Wind,6.95
2023-02-24,Biomass,42.57
2023-02-24,Geothermal,14.65
2023-02-24,Hydro,53.39
2023-02-24,Photovoltaic,52.16
2023-02-24,Wind,51.61
2023-02-25,Biomass,31.07
2023-02-25,Geothermal,14.84
2023-02-25,Hydro,55.39
2023-02-25,Photovoltaic,29.15
2023-02-25,Wind,103.03
2023-02-26,Biomass,28.11
2023-02-26,Geothermal,14.94
2023-02-26,Hydro,42.15
2023-02-26,Photovoltaic,22.96
2023-02-26,Wind,110.58
2023-02-27,Biomass,42.71
2023-02-27,Geothermal,14.77
2023-02-27,Hydro,66.07
2023-02-27,Photovoltaic,49.19
2023-02-27,Wind,37.14
2023-02-28,Biomass,41.93
2023-02-28,Geothermal,14.88
2023-02-28,Hydro,62.27
2023-02-28,Photovoltaic,48.32
2023-02-28,Wind,55.18
2023-03-01,Biomass,47.44
2023-03-01,Geothermal,14.78
2023-03-01,Hydro,65.73
2023-03-01,Photovoltaic,42.85
2023-03-01,Wind,46.49
2023-03-02,Biomass,46.34
2023-03-02,Geothermal,14.83
2023-03-02,Hydro,64.56
2023-03-02,Photovoltaic,45.54
2023-03-02,Wind,33.76
2023-03-03,Biomass,48.18
2023-03-03,Geothermal,14.68
2023-03-03,Hydro,65.37
2023-03-03,Photovoltaic,70.56
2023-03-03,Wind,32.7
2023-03-04,Biomass,32.52
2023-03-04,Geothermal,14.88
2023-03-04,Hydro,48.24
2023-03-04,Photovoltaic,87.39
2023-03-04,Wind,68.94
2023-03-05,Biomass,31.54
2023-03-05,Geothermal,14.88
2023-03-05,Hydro,44.58
2023-03-05,Photovoltaic,98.43
2023-03-05,Wind,63.14
2023-03-06,Biomass,43.8
2023-03-06,Geothermal,14.34
2023-03-06,Hydro,67.24
2023-03-06,Photovoltaic,59.44
2023-03-06,Wind,100.35
2023-03-07,Biomass,44.03
2023-03-07,Geothermal,14.17
2023-03-07,Hydro,56.49
2023-03-07,Photovoltaic,87.27
2023-03-07,Wind,95.02
2023-03-08,Biomass,42.14
2023-03-08,Geothermal,14.11
2023-03-08,Hydro,50.68
2023-03-08,Photovoltaic,70.87
2023-03-08,Wind,118.47
2023-03-09,Biomass,43.46
2023-03-09,Geothermal,14.12
2023-03-09,Hydro,54.59
2023-03-09,Photovoltaic,78.24
2023-03-09,Wind,141.11
2023-03-10,Biomass,47.23
2023-03-10,Geothermal,14.16
2023-03-10,Hydro,53.7
2023-03-10,Photovoltaic,70.88
2023-03-10,Wind,155.43
2023-03-11,Biomass,40.77
2023-03-11,Geothermal,13.94
2023-03-11,Hydro,53.35
2023-03-11,Photovoltaic,84.27
2023-03-11,Wind,134.73
2023-03-12,Biomass,35.52
2023-03-12,Geothermal,14.06
2023-03-12,Hydro,51.7
2023-03-12,Photovoltaic,95.93
2023-03-12,Wind,63.65
2023-03-13,Biomass,45.62
2023-03-13,Geothermal,14.01
2023-03-13,Hydro,59.73
2023-03-13,Photovoltaic,90.58
2023-03-13,Wind,44.04
2023-03-14,Biomass,48.96
2023-03-14,Geothermal,13.91
2023-03-14,Hydro,65.22
2023-03-14,Photovoltaic,53.63
2023-03-14,Wind,135.36
2023-03-15,Biomass,47.5
2023-03-15,Geothermal,14.13
2023-03-15,Hydro,68.51
2023-03-15,Photovoltaic,76.49
2023-03-15,Wind,148.74
2023-03-16,Biomass,47.08
2023-03-16,Geothermal,14.16
2023-03-16,Hydro,59.26
2023-03-16,Photovoltaic,111.44
2023-03-16,Wind,141.33
2023-03-17,Biomass,45.45
2023-03-17,Geothermal,14.16
2023-03-17,Hydro,64.09
2023-03-17,Photovoltaic,113.24
2023-03-17,Wind,62.06
2023-03-18,Biomass,37.28
2023-03-18,Geothermal,14.16
2023-03-18,Hydro,49.74
2023-03-18,Photovoltaic,113.8
2023-03-18,Wind,18.65
2023-03-19,Biomass,35.02
2023-03-19,Geothermal,14.03
2023-03-19,Hydro,47.28
2023-03-19,Photovoltaic,65.44
2023-03-19,Wind,9.1
2023-03-20,Biomass,44.6
2023-03-20,Geothermal,13.79
2023-03-20,Hydro,65.7
2023-03-20,Photovoltaic,48.78
2023-03-20,Wind,19.65
2023-03-21,Biomass,46.54
2023-03-21,Geothermal,13.68
2023-03-21,Hydro,57.19
2023-03-21,Photovoltaic,87.69
2023-03-21,Wind,46.43
2023-03-22,Biomass,47.16
2023-03-22,Geothermal,13.73
2023-03-22,Hydro,55.52
2023-03-22,Photovoltaic,97.44
2023-03-22,Wind,22.44
2023-03-23,Biomass,47.62
2023-03-23,Geothermal,13.95
2023-03-23,Hydro,54.93
2023-03-23,Photovoltaic,103.57
2023-03-23,Wind,17.29
2023-03-24,Biomass,45.61
2023-03-24,Geothermal,14.11
2023-03-24,Hydro,61.35
2023-03-24,Photovoltaic,98.01
2023-03-24,Wind,68.03
2023-03-25,Biomass,38.28
2023-03-25,Geothermal,14.05
2023-03-25,Hydro,47.48
2023-03-25,Photovoltaic,115.93
2023-03-25,Wind,119.43
2023-03-26,Biomass,32.09
2023-03-26,Geothermal,14.02
2023-03-26,Hydro,43.84
2023-03-26,Photovoltaic,93.01
2023-03-26,Wind,103.45
2023-03-27,Biomass,46.17
2023-03-27,Geothermal,14.59
2023-03-27,Hydro,62.76
2023-03-27,Photovoltaic,92.51
2023-03-27,Wind,135.13
2023-03-28,Biomass,49.68
2023-03-28,Geothermal,14.71
2023-03-28,Hydro,60.59
2023-03-28,Photovoltaic,120.63
2023-03-28,Wind,117.26
2023-03-29,Biomass,48.65
2023-03-29,Geothermal,14.36
2023-03-29,Hydro,59.54
2023-03-29,Photovoltaic,104.04
2023-03-29,Wind,87.88
2023-03-30,Biomass,46.86
2023-03-30,Geothermal,14.56
2023-03-30,Hydro,57.28
2023-03-30,Photovoltaic,89.45
2023-03-30,Wind,86.56
2023-03-31,Biomass,45.77
2023-03-31,Geothermal,14.58
2023-03-31,Hydro,61.13
2023-03-31,Photovoltaic,67.29
2023-03-31,Wind,123.16
2023-04-01,Biomass,39.1
2023-04-01,Geothermal,14.64
2023-04-01,Hydro,51.57
2023-04-01,Photovoltaic,112.58
2023-04-01,Wind,129.66
2023-04-02,Biomass,40.6
2023-04-02,Geothermal,14.73
2023-04-02,Hydro,41.9
2023-04-02,Photovoltaic,87.74
2023-04-02,Wind,49.88
2023-04-03,Biomass,55.26
2023-04-03,Geothermal,14.71
2023-04-03,Hydro,55.93
2023-04-03,Photovoltaic,93.07
2023-04-03,Wind,162.01
2023-04-04,Biomass,56.68
2023-04-04,Geothermal,14.65
2023-04-04,Hydro,67.15
2023-04-04,Photovoltaic,112.79
2023-04-04,Wind,125.08
2023-04-05,Biomass,55.41
2023-04-05,Geothermal,14.84
2023-04-05,Hydro,67.03
2023-04-05,Photovoltaic,93.12
2023-04-05,Wind,53.64
2023-04-06,Biomass,44.17
2023-04-06,Geothermal,14.78
2023-04-06,Hydro,48.47
2023-04-06,Photovoltaic,112.42
2023-04-06,Wind,93.68
2023-04-07,Biomass,40.1
2023-04-07,Geothermal,14.67
2023-04-07,Hydro,48.03
2023-04-07,Photovoltaic,103.2
2023-04-07,Wind,30.99
2023-04-08,Biomass,33.77
2023-04-08,Geothermal,14.67
2023-04-08,Hydro,40.64
2023-04-08,Photovoltaic,99.62
2023-04-08,Wind,45.57
2023-04-09,Biomass,31.37
2023-04-09,Geothermal,14.66
2023-04-09,Hydro,32.55
2023-04-09,Photovoltaic,99.14
2023-04-09,Wind,63.53
2023-04-10,Biomass,30.8
2023-04-10,Geothermal,14.69
2023-04-10,Hydro,34.97
2023-04-10,Photovoltaic,111.44
2023-04-10,Wind,123.98
2023-04-11,Biomass,46.82
2023-04-11,Geothermal,14.64
2023-04-11,Hydro,48.89
2023-04-11,Photovoltaic,112.57
2023-04-11,Wind,84.79
2023-04-12,Biomass,44.14
2023-04-12,Geothermal,14.64
2023-04-12,Hydro,54.96
2023-04-12,Photovoltaic,94.19
2023-04-12,Wind,72.68
2023-04-13,Biomass,41.02
2023-04-13,Geothermal,14.64
2023-04-13,Hydro,56.69
2023-04-13,Photovoltaic,60.32
2023-04-13,Wind,117.07
2023-04-14,Biomass,38.3
2023-04-14,Geothermal,14.67
2023-04-14,Hydro,54.58
2023-04-14,Photovoltaic,94.63
2023-04-14,Wind,153.31
2023-04-15,Biomass,26.82
2023-04-15,Geothermal,14.63
2023-04-15,Hydro,47.23
2023-04-15,Photovoltaic,95.35
2023-04-15,Wind,107.79
2023-04-16,Biomass,20.99
2023-04-16,Geothermal,14.64
2023-04-16,Hydro,47.97
2023-04-16,Photovoltaic,104.58
2023-04-16,Wind,74.82
2023-04-17,Biomass,41.41
2023-04-17,Geothermal,14.28
2023-04-17,Hydro,68.64
2023-04-17,Photovoltaic,72.68
2023-04-17,Wind,75.81
2023-04-18,Biomass,37.06
2023-04-18,Geothermal,14.03
2023-04-18,Hydro,63.76
2023-04-18,Photovoltaic,85.8
2023-04-18,Wind,31.14
2023-04-19,Biomass,41.22
2023-04-19,Geothermal,14.16
2023-04-19,Hydro,65.34
2023-04-19,Photovoltaic,122.52
2023-04-19,Wind,26.33
2023-04-20,Biomass,44.21
2023-04-20,Geothermal,14.16
2023-04-20,Hydro,59.46
2023-04-20,Photovoltaic,94.04
2023-04-20,Wind,23.23
2023-04-21,Biomass,38.83
2023-04-21,Geothermal,14.16
2023-04-21,Hydro,67.15
2023-04-21,Photovoltaic,107.93
2023-04-21,Wind,14.42
2023-04-22,Biomass,32.62
2023-04-22,Geothermal,14.99
2023-04-22,Hydro,55.31
2023-04-22,Photovoltaic,134.25
2023-04-22,Wind,15.62
2023-04-23,Biomass,26.82
2023-04-23,Geothermal,15.2
2023-04-23,Hydro,48.24
2023-04-23,Photovoltaic,126.79
2023-04-23,Wind,40.33
2023-04-24,Biomass,33.18
2023-04-24,Geothermal,15.16
2023-04-24,Hydro,62.01
2023-04-24,Photovoltaic,108.92
2023-04-24,Wind,130.8
2023-04-25,Biomass,31.76
2023-04-25,Geothermal,15.21
2023-04-25,Hydro,62.67
2023-04-25,Photovoltaic,115.96
2023-04-25,Wind,119.54
2023-04-26,Biomass,40.76
2023-04-26,Geothermal,15.14
2023-04-26,Hydro,66.08
2023-04-26,Photovoltaic,132.19
2023-04-26,Wind,85.56
2023-04-27,Biomass,33.97
2023-04-27,Geothermal,15.01
2023-04-27,Hydro,65.41
2023-04-27,Photovoltaic,128.63
2023-04-27,Wind,16.05
2023-04-28,Biomass,34.03
2023-04-28,Geothermal,14.94
2023-04-28,Hydro,69.08
2023-04-28,Photovoltaic,120.84
2023-04-28,Wind,35.94
2023-04-29,Biomass,27.28
2023-04-29,Geothermal,15.19
2023-04-29,Hydro,68.47
2023-04-29,Photovoltaic,89.84
2023-04-29,Wind,40.1
2023-04-30,Biomass,26.2
2023-04-30,Geothermal,15.12
2023-04-30,Hydro,72.94
2023-04-30,Photovoltaic,73.38
2023-04-30,Wind,21.32
2023-05-01,Biomass,27.86
2023-05-01,Geothermal,15.09
2023-05-01,Hydro,79.4
2023-05-01,Photovoltaic,45.49
2023-05-01,Wind,58.36
2023-05-02,Biomass,46.24
2023-05-02,Geothermal,14.47
2023-05-02,Hydro,92.28
2023-05-02,Photovoltaic,60.01
2023-05-02,Wind,68.49
2023-05-03,Biomass,47.04
2023-05-03,Geothermal,14.96
2023-05-03,Hydro,101.25
2023-05-03,Photovoltaic,89.7
2023-05-03,Wind,100.33
2023-05-04,Biomass,45.38
2023-05-04,Geothermal,14.82
2023-05-04,Hydro,99.07
2023-05-04,Photovoltaic,127.6
2023-05-04,Wind,75.11
2023-05-05,Biomass,43.54
2023-05-05,Geothermal,14.79
2023-05-05,Hydro,105.21
2023-05-05,Photovoltaic,133.89
2023-05-05,Wind,33.86
2023-05-06,Biomass,27.02
2023-05-06,Geothermal,15.05
2023-05-06,Hydro,103.93
2023-05-06,Photovoltaic,140.51
2023-05-06,Wind,14.17
2023-05-07,Biomass,24.46
2023-05-07,Geothermal,15.04
2023-05-07,Hydro,97.56
2023-05-07,Photovoltaic,131.28
2023-05-07,Wind,18.34
2023-05-08,Biomass,37.01
2023-05-08,Geothermal,14.98
2023-05-08,Hydro,128.58
2023-05-08,Photovoltaic,61.48
2023-05-08,Wind,24.71
2023-05-09,Biomass,37.18
2023-05-09,Geothermal,14.91
2023-05-09,Hydro,124.65
2023-05-09,Photovoltaic,89.4
2023-05-09,Wind,25.0
2023-05-10,Biomass,38.35
2023-05-10,Geothermal,14.93
2023-05-10,Hydro,145.84
2023-05-10,Photovoltaic,47.95
2023-05-10,Wind,37.68
2023-05-11,Biomass,37.97
2023-05-11,Geothermal,15.03
2023-05-11,Hydro,153.31
2023-05-11,Photovoltaic,100.26
2023-05-11,Wind,100.01
2023-05-12,Biomass,37.94
2023-05-12,Geothermal,15.12
2023-05-12,Hydro,156.76
2023-05-12,Photovoltaic,87.12
2023-05-12,Wind,59.89
2023-05-13,Biomass,28.43
2023-05-13,Geothermal,15.12
2023-05-13,Hydro,135.15
2023-05-13,Photovoltaic,63.77
2023-05-13,Wind,49.26
2023-05-14,Biomass,26.12
2023-05-14,Geothermal,15.12
2023-05-14,Hydro,126.91
2023-05-14,Photovoltaic,67.83
2023-05-14,Wind,55.64
2023-05-15,Biomass,40.08
2023-05-15,Geothermal,15.06
2023-05-15,Hydro,140.1
2023-05-15,Photovoltaic,82.36
2023-05-15,Wind,60.15
2023-05-16,Biomass,44.68
2023-05-16,Geothermal,15.12
2023-05-16,Hydro,149.02
2023-05-16,Photovoltaic,58.94
2023-05-16,Wind,114.07
2023-05-17,Biomass,41.18
2023-05-17,Geothermal,15.03
2023-05-17,Hydro,136.93
2023-05-17,Photovoltaic,64.32
2023-05-17,Wind,96.64
2023-05-18,Biomass,38.67
2023-05-18,Geothermal,14.93
2023-05-18,Hydro,136.3
2023-05-18,Photovoltaic,82.74
2023-05-18,Wind,25.76
2023-05-19,Biomass,40.54
2023-05-19,Geothermal,14.96
2023-05-19,Hydro,145.9
2023-05-19,Photovoltaic,53.14
2023-05-19,Wind,55.4
2023-05-20,Biomass,32.8
2023-05-20,Geothermal,14.94
2023-05-20,Hydro,131.29
2023-05-20,Photovoltaic,32.58
2023-05-20,Wind,83.15
2023-05-21,Biomass,28.97
2023-05-21,Geothermal,14.63
2023-05-21,Hydro,130.18
2023-05-21,Photovoltaic,93.75
2023-05-21,Wind,56.72
2023-05-22,Biomass,41.68
2023-05-22,Geothermal,14.34
2023-05-22,Hydro,149.52
2023-05-22,Photovoltaic,112.73
2023-05-22,Wind,22.56
2023-05-23,Biomass,45.67
2023-05-23,Geothermal,14.68
2023-05-23,Hydro,149.11
2023-05-23,Photovoltaic,129.63
2023-05-23,Wind,9.94
2023-05-24,Biomass,46.02
2023-05-24,Geothermal,14.8
2023-05-24,Hydro,165.57
2023-05-24,Photovoltaic,126.89
2023-05-24,Wind,13.81
2023-05-25,Biomass,46.12
2023-05-25,Geothermal,14.88
2023-05-25,Hydro,168.08
2023-05-25,Photovoltaic,107.77
2023-05-25,Wind,25.54
2023-05-26,Biomass,47.06
2023-05-26,Geothermal,14.92
2023-05-26,Hydro,169.13
2023-05-26,Photovoltaic,126.36
2023-05-26,Wind,78.88
2023-05-27,Biomass,36.96
2023-05-27,Geothermal,14.93
2023-05-27,Hydro,164.78
2023-05-27,Photovoltaic,137.79
2023-05-27,Wind,69.55
2023-05-28,Biomass,29.24
2023-05-28,Geothermal,14.96
2023-05-28,Hydro,163.0
2023-05-28,Photovoltaic,137.13
2023-05-28,Wind,35.91
2023-05-29,Biomass,42.69
2023-05-29,Geothermal,14.8
2023-05-29,Hydro,181.14
2023-05-29,Photovoltaic,120.1
2023-05-29,Wind,19.9
2023-05-30,Biomass,46.74
2023-05-30,Geothermal,14.53
2023-05-30,Hydro,175.56
2023-05-30,Photovoltaic,107.49
2023-05-30,Wind,15.42
2023-05-31,Biomass,47.47
2023-05-31,Geothermal,14.73
2023-05-31,Hydro,173.34
2023-05-31,Photovoltaic,108.63
2023-05-31,Wind,16.05
2023-06-01,Biomass,39.8
2023-06-01,Geothermal,14.88
2023-06-01,Hydro,163.48
2023-06-01,Photovoltaic,116.3
2023-06-01,Wind,14.32
2023-06-02,Biomass,32.22
2023-06-02,Geothermal,14.88
2023-06-02,Hydro,158.28
2023-06-02,Photovoltaic,131.36
2023-06-02,Wind,12.06
2023-06-03,Biomass,32.68
2023-06-03,Geothermal,14.79
2023-06-03,Hydro,164.33
2023-06-03,Photovoltaic,119.56
2023-06-03,Wind,13.91
2023-06-04,Biomass,30.24
2023-06-04,Geothermal,14.76
2023-06-04,Hydro,167.06
2023-06-04,Photovoltaic,97.45
2023-06-04,Wind,12.01
2023-06-05,Biomass,39.47
2023-06-05,Geothermal,14.56
2023-06-05,Hydro,179.94
2023-06-05,Photovoltaic,66.75
2023-06-05,Wind,26.8
2023-06-06,Biomass,44.35
2023-06-06,Geothermal,14.52
2023-06-06,Hydro,175.81
2023-06-06,Photovoltaic,95.26
2023-06-06,Wind,15.7
2023-06-07,Biomass,43.05
2023-06-07,Geothermal,14.21
2023-06-07,Hydro,191.67
2023-06-07,Photovoltaic,110.42
2023-06-07,Wind,8.78
2023-06-08,Biomass,42.09
2023-06-08,Geothermal,14.53
2023-06-08,Hydro,183.23
2023-06-08,Photovoltaic,127.5
2023-06-08,Wind,9.98
2023-06-09,Biomass,38.73
2023-06-09,Geothermal,14.41
2023-06-09,Hydro,197.4
2023-06-09,Photovoltaic,111.86
2023-06-09,Wind,18.44
2023-06-10,Biomass,27.73
2023-06-10,Geothermal,14.32
2023-06-10,Hydro,181.41
2023-06-10,Photovoltaic,93.92
2023-06-10,Wind,19.5
2023-06-11,Biomass,24.17
2023-06-11,Geothermal,14.28
2023-06-11,Hydro,165.66
2023-06-11,Photovoltaic,128.42
2023-06-11,Wind,23.47
2023-06-12,Biomass,40.08
2023-06-12,Geothermal,14.3
2023-06-12,Hydro,194.62
2023-06-12,Photovoltaic,124.28
2023-06-12,Wind,42.51
2023-06-13,Biomass,45.09
2023-06-13,Geothermal,14.4
2023-06-13,Hydro,203.63
2023-06-13,Photovoltaic,92.59
2023-06-13,Wind,16.22
2023-06-14,Biomass,45.45
2023-06-14,Geothermal,14.5
2023-06-14,Hydro,191.34
2023-06-14,Photovoltaic,81.42
2023-06-14,Wind,12.75
2023-06-15,Biomass,46.16
2023-06-15,Geothermal,14.5
2023-06-15,Hydro,190.59
2023-06-15,Photovoltaic,110.42
2023-06-15,Wind,50.02
2023-06-16,Biomass,45.81
2023-06-16,Geothermal,14.57
2023-06-16,Hydro,193.8
2023-06-16,Photovoltaic,128.17
2023-06-16,Wind,125.44
2023-06-17,Biomass,34.47
2023-06-17,Geothermal,14.42
2023-06-17,Hydro,173.07
2023-06-17,Photovoltaic,148.49
2023-06-17,Wind,98.98
2023-06-18,Biomass,31.78
2023-06-18,Geothermal,14.47
2023-06-18,Hydro,158.89
2023-06-18,Photovoltaic,144.75
2023-06-18,Wind,37.05
2023-06-19,Biomass,45.92
2023-06-19,Geothermal,14.54
2023-06-19,Hydro,159.4
2023-06-19,Photovoltaic,130.51
2023-06-19,Wind,19.36
2023-06-20,Biomass,46.55
2023-06-20,Geothermal,14.54
2023-06-20,Hydro,152.03
2023-06-20,Photovoltaic,127.72
2023-06-20,Wind,16.66
2023-06-21,Biomass,50.19
2023-06-21,Geothermal,14.87
2023-06-21,Hydro,150.68
2023-06-21,Photovoltaic,121.57
2023-06-21,Wind,17.71
2023-06-22,Biomass,49.72
2023-06-22,Geothermal,14.58
2023-06-22,Hydro,165.86
2023-06-22,Photovoltaic,112.08
2023-06-22,Wind,16.49
2023-06-23,Biomass,46.7
2023-06-23,Geothermal,14.56
2023-06-23,Hydro,158.05
2023-06-23,Photovoltaic,119.47
2023-06-23,Wind,63.5
2023-06-24,Biomass,34.71
2023-06-24,Geothermal,14.88
2023-06-24,Hydro,139.12
2023-06-24,Photovoltaic,137.88
2023-06-24,Wind,58.22
2023-06-25,Biomass,31.78
2023-06-25,Geothermal,14.89
2023-06-25,Hydro,134.99
2023-06-25,Photovoltaic,144.15
2023-06-25,Wind,92.22
2023-06-26,Biomass,47.08
2023-06-26,Geothermal,14.74
2023-06-26,Hydro,144.44
2023-06-26,Photovoltaic,135.47
2023-06-26,Wind,61.31
2023-06-27,Biomass,50.93
2023-06-27,Geothermal,14.32
2023-06-27,Hydro,149.52
2023-06-27,Photovoltaic,129.19
2023-06-27,Wind,28.02
2023-06-28,Biomass,49.64
2023-06-28,Geothermal,14.34
2023-06-28,Hydro,126.94
2023-06-28,Photovoltaic,113.11
2023-06-28,Wind,49.6
2023-06-29,Biomass,49.88
2023-06-29,Geothermal,14.3
2023-06-29,Hydro,123.34
2023-06-29,Photovoltaic,125.47
2023-06-29,Wind,32.53
2023-06-30,Biomass,46.42
2023-06-30,Geothermal,14.53
2023-06-30,Hydro,136.7
2023-06-30,Photovoltaic,88.92
2023-06-30,Wind,21.17
2023-07-01,Biomass,34.97
2023-07-01,Geothermal,14.89
2023-07-01,Hydro,123.8
2023-07-01,Photovoltaic,108.22
2023-07-01,Wind,92.3
2023-07-02,Biomass,36.74
2023-07-02,Geothermal,14.81
2023-07-02,Hydro,129.78
2023-07-02,Photovoltaic,134.71
2023-07-02,Wind,52.62
2023-07-03,Biomass,48.03
2023-07-03,Geothermal,14.62
2023-07-03,Hydro,148.21
2023-07-03,Photovoltaic,127.68
2023-07-03,Wind,50.15
2023-07-04,Biomass,45.7
2023-07-04,Geothermal,14.62
2023-07-04,Hydro,140.67
2023-07-04,Photovoltaic,132.26
2023-07-04,Wind,40.33
2023-07-05,Biomass,45.93
2023-07-05,Geothermal,14.64
2023-07-05,Hydro,140.83
2023-07-05,Photovoltaic,132.5
2023-07-05,Wind,32.06
2023-07-06,Biomass,47.2
2023-07-06,Geothermal,14.66
2023-07-06,Hydro,163.08
2023-07-06,Photovoltaic,119.16
2023-07-06,Wind,23.43
2023-07-07,Biomass,38.68
2023-07-07,Geothermal,14.44
2023-07-07,Hydro,140.88
2023-07-07,Photovoltaic,136.43
2023-07-07,Wind,33.85
2023-07-08,Biomass,28.78
2023-07-08,Geothermal,14.1
2023-07-08,Hydro,131.41
2023-07-08,Photovoltaic,136.25
2023-07-08,Wind,26.98
2023-07-09,Biomass,27.86
2023-07-09,Geothermal,14.0
2023-07-09,Hydro,118.28
2023-07-09,Photovoltaic,144.67
2023-07-09,Wind,20.18
2023-07-10,Biomass,41.73
2023-07-10,Geothermal,13.68
2023-07-10,Hydro,157.78
2023-07-10,Photovoltaic,131.3
2023-07-10,Wind,16.38
2023-07-11,Biomass,45.38
2023-07-11,Geothermal,13.94
2023-07-11,Hydro,138.03
2023-07-11,Photovoltaic,127.68
2023-07-11,Wind,11.87
2023-07-12,Biomass,43.93
2023-07-12,Geothermal,13.8
2023-07-12,Hydro,149.05
2023-07-12,Photovoltaic,120.35
2023-07-12,Wind,53.57
2023-07-13,Biomass,45.31
2023-07-13,Geothermal,13.78
2023-07-13,Hydro,154.43
2023-07-13,Photovoltaic,95.78
2023-07-13,Wind,84.25
2023-07-14,Biomass,44.6
2023-07-14,Geothermal,14.2
2023-07-14,Hydro,162.41
2023-07-14,Photovoltaic,125.77
2023-07-14,Wind,28.68
2023-07-15,Biomass,38.33
2023-07-15,Geothermal,14.23
2023-07-15,Hydro,139.44
2023-07-15,Photovoltaic,135.05
2023-07-15,Wind,10.98
2023-07-16,Biomass,35.42
2023-07-16,Geothermal,14.38
2023-07-16,Hydro,134.54
2023-07-16,Photovoltaic,140.17
2023-07-16,Wind,10.19
2023-07-17,Biomass,47.86
2023-07-17,Geothermal,14.34
2023-07-17,Hydro,155.17
2023-07-17,Photovoltaic,127.61
2023-07-17,Wind,14.67
2023-07-18,Biomass,50.45
2023-07-18,Geothermal,14.26
2023-07-18,Hydro,156.71
2023-07-18,Photovoltaic,124.92
2023-07-18,Wind,30.09
2023-07-19,Biomass,51.48
2023-07-19,Geothermal,14.3
2023-07-19,Hydro,151.7
2023-07-19,Photovoltaic,120.65
2023-07-19,Wind,40.51
2023-07-20,Biomass,50.32
2023-07-20,Geothermal,14.55
2023-07-20,Hydro,160.9
2023-07-20,Photovoltaic,124.64
2023-07-20,Wind,45.16
2023-07-21,Biomass,50.69
2023-07-21,Geothermal,14.56
2023-07-21,Hydro,158.8
2023-07-21,Photovoltaic,111.2
2023-07-21,Wind,49.44
2023-07-22,Biomass,47.0
2023-07-22,Geothermal,14.71
2023-07-22,Hydro,132.72
2023-07-22,Photovoltaic,124.87
2023-07-22,Wind,74.64
2023-07-23,Biomass,39.72
2023-07-23,Geothermal,14.42
2023-07-23,Hydro,124.72
2023-07-23,Photovoltaic,134.47
2023-07-23,Wind,45.83
2023-07-24,Biomass,47.33
2023-07-24,Geothermal,14.3
2023-07-24,Hydro,153.53
2023-07-24,Photovoltaic,98.62
2023-07-24,Wind,59.99
2023-07-25,Biomass,49.72
2023-07-25,Geothermal,14.16
2023-07-25,Hydro,158.82
2023-07-25,Photovoltaic,96.94
2023-07-25,Wind,113.7
2023-07-26,Biomass,48.62
2023-07-26,Geothermal,14.46
2023-07-26,Hydro,152.62
2023-07-26,Photovoltaic,120.85
2023-07-26,Wind,127.5
2023-07-27,Biomass,47.99
2023-07-27,Geothermal,14.72
2023-07-27,Hydro,161.28
2023-07-27,Photovoltaic,129.11
2023-07-27,Wind,37.34
2023-07-28,Biomass,46.53
2023-07-28,Geothermal,14.43
2023-07-28,Hydro,149.7
2023-07-28,Photovoltaic,118.35
2023-07-28,Wind,31.02
2023-07-29,Biomass,38.14
2023-07-29,Geothermal,14.47
2023-07-29,Hydro,127.22
2023-07-29,Photovoltaic,133.96
2023-07-29,Wind,19.13
2023-07-30,Biomass,31.4
2023-07-30,Geothermal,14.58
2023-07-30,Hydro,131.91
2023-07-30,Photovoltaic,136.92
2023-07-30,Wind,37.85
2023-07-31,Biomass,46.28
2023-07-31,Geothermal,14.29
2023-07-31,Hydro,156.72
2023-07-31,Photovoltaic,115.88
2023-07-31,Wind,32.63
2023-08-01,Biomass,48.99
2023-08-01,Geothermal,14.68
2023-08-01,Hydro,148.47
2023-08-01,Photovoltaic,116.28
2023-08-01,Wind,66.12
2023-08-02,Biomass,49.49
2023-08-02,Geothermal,14.34
2023-08-02,Hydro,147.83
2023-08-02,Photovoltaic,127.58
2023-08-02,Wind,85.48
2023-08-03,Biomass,51.92
2023-08-03,Geothermal,13.93
2023-08-03,Hydro,153.06
2023-08-03,Photovoltaic,116.52
2023-08-03,Wind,47.11
2023-08-04,Biomass,50.99
2023-08-04,Geothermal,14.69
2023-08-04,Hydro,153.37
2023-08-04,Photovoltaic,83.2
2023-08-04,Wind,63.59
2023-08-05,Biomass,43.64
2023-08-05,Geothermal,15.12
2023-08-05,Hydro,113.04
2023-08-05,Photovoltaic,90.1
2023-08-05,Wind,112.6
2023-08-06,Biomass,35.1
2023-08-06,Geothermal,15.05
2023-08-06,Hydro,100.18
2023-08-06,Photovoltaic,141.77
2023-08-06,Wind,115.76
2023-08-07,Biomass,42.49
2023-08-07,Geothermal,15.09
2023-08-07,Hydro,115.97
2023-08-07,Photovoltaic,136.17
2023-08-07,Wind,72.36
2023-08-08,Biomass,42.76
2023-08-08,Geothermal,15.05
2023-08-08,Hydro,116.7
2023-08-08,Photovoltaic,143.35
2023-08-08,Wind,41.32
2023-08-09,Biomass,40.07
2023-08-09,Geothermal,14.88
2023-08-09,Hydro,120.85
2023-08-09,Photovoltaic,135.56
2023-08-09,Wind,20.46
2023-08-10,Biomass,41.1
2023-08-10,Geothermal,14.82
2023-08-10,Hydro,139.47
2023-08-10,Photovoltaic,137.3
2023-08-10,Wind,25.67
2023-08-11,Biomass,40.28
2023-08-11,Geothermal,14.87
2023-08-11,Hydro,139.27
2023-08-11,Photovoltaic,136.11
2023-08-11,Wind,40.94
2023-08-12,Biomass,33.95
2023-08-12,Geothermal,14.89
2023-08-12,Hydro,142.75
2023-08-12,Photovoltaic,139.87
2023-08-12,Wind,52.64
2023-08-13,Biomass,30.76
2023-08-13,Geothermal,14.09
2023-08-13,Hydro,129.63
2023-08-13,Photovoltaic,140.1
2023-08-13,Wind,23.62
2023-08-14,Biomass,33.2
2023-08-14,Geothermal,13.76
2023-08-14,Hydro,136.6
2023-08-14,Photovoltaic,133.58
2023-08-14,Wind,13.72
2023-08-15,Biomass,30.92
2023-08-15,Geothermal,13.63
2023-08-15,Hydro,111.65
2023-08-15,Photovoltaic,133.99
2023-08-15,Wind,17.52
2023-08-16,Biomass,45.48
2023-08-16,Geothermal,13.67
2023-08-16,Hydro,122.03
2023-08-16,Photovoltaic,133.06
2023-08-16,Wind,26.57
2023-08-17,Biomass,46.77
2023-08-17,Geothermal,13.69
2023-08-17,Hydro,120.73
2023-08-17,Photovoltaic,124.2
2023-08-17,Wind,41.55
2023-08-18,Biomass,41.93
2023-08-18,Geothermal,13.62
2023-08-18,Hydro,121.65
2023-08-18,Photovoltaic,129.38
2023-08-18,Wind,33.07
2023-08-19,Biomass,32.05
2023-08-19,Geothermal,13.78
2023-08-19,Hydro,115.13
2023-08-19,Photovoltaic,126.47
2023-08-19,Wind,44.98
2023-08-20,Biomass,28.12
2023-08-20,Geothermal,13.64
2023-08-20,Hydro,109.88
2023-08-20,Photovoltaic,128.73
2023-08-20,Wind,90.57
2023-08-21,Biomass,41.52
2023-08-21,Geothermal,13.61
2023-08-21,Hydro,128.35
2023-08-21,Photovoltaic,126.72
2023-08-21,Wind,83.11
2023-08-22,Biomass,45.36
2023-08-22,Geothermal,13.69
2023-08-22,Hydro,135.57
2023-08-22,Photovoltaic,127.53
2023-08-22,Wind,52.74
2023-08-23,Biomass,44.0
2023-08-23,Geothermal,13.8
2023-08-23,Hydro,132.56
2023-08-23,Photovoltaic,123.48
2023-08-23,Wind,29.01
2023-08-24,Biomass,45.51
2023-08-24,Geothermal,13.8
2023-08-24,Hydro,124.64
2023-08-24,Photovoltaic,122.94
2023-08-24,Wind,18.48
2023-08-25,Biomass,46.68
2023-08-25,Geothermal,13.8
2023-08-25,Hydro,127.35
2023-08-25,Photovoltaic,119.34
2023-08-25,Wind,12.94
2023-08-26,Biomass,41.85
2023-08-26,Geothermal,13.86
2023-08-26,Hydro,112.01
2023-08-26,Photovoltaic,118.55
2023-08-26,Wind,16.32
2023-08-27,Biomass,37.27
2023-08-27,Geothermal,13.92
2023-08-27,Hydro,121.85
2023-08-27,Photovoltaic,88.78
2023-08-27,Wind,44.02
2023-08-28,Biomass,50.03
2023-08-28,Geothermal,13.9
2023-08-28,Hydro,142.55
2023-08-28,Photovoltaic,65.71
2023-08-28,Wind,130.52
2023-08-29,Biomass,52.76
2023-08-29,Geothermal,13.85
2023-08-29,Hydro,149.83
2023-08-29,Photovoltaic,73.6
2023-08-29,Wind,140.3
2023-08-30,Biomass,54.28
2023-08-30,Geothermal,13.89
2023-08-30,Hydro,165.02
2023-08-30,Photovoltaic,104.08
2023-08-30,Wind,114.47
2023-08-31,Biomass,47.54
2023-08-31,Geothermal,13.92
2023-08-31,Hydro,146.98
2023-08-31,Photovoltaic,112.64
2023-08-31,Wind,58.95
2023-09-01,Biomass,48.41
2023-09-01,Geothermal,14.32
2023-09-01,Hydro,145.06
2023-09-01,Photovoltaic,123.43
2023-09-01,Wind,16.48
2023-09-02,Biomass,40.83
2023-09-02,Geothermal,15.01
2023-09-02,Hydro,129.47
2023-09-02,Photovoltaic,130.68
2023-09-02,Wind,15.12
2023-09-03,Biomass,33.12
2023-09-03,Geothermal,15.0
2023-09-03,Hydro,122.64
2023-09-03,Photovoltaic,123.38
2023-09-03,Wind,36.96
2023-09-04,Biomass,45.3
2023-09-04,Geothermal,15.02
2023-09-04,Hydro,131.51
2023-09-04,Photovoltaic,109.22
2023-09-04,Wind,145.36
2023-09-05,Biomass,49.45
2023-09-05,Geothermal,15.24
2023-09-05,Hydro,130.26
2023-09-05,Photovoltaic,101.8
2023-09-05,Wind,158.76
2023-09-06,Biomass,49.98
2023-09-06,Geothermal,14.88
2023-09-06,Hydro,137.47
2023-09-06,Photovoltaic,107.41
2023-09-06,Wind,122.17
2023-09-07,Biomass,47.78
2023-09-07,Geothermal,14.72
2023-09-07,Hydro,131.0
2023-09-07,Photovoltaic,103.34
2023-09-07,Wind,93.71
2023-09-08,Biomass,44.65
2023-09-08,Geothermal,15.06
2023-09-08,Hydro,133.82
2023-09-08,Photovoltaic,111.69
2023-09-08,Wind,66.62
2023-09-09,Biomass,34.28
2023-09-09,Geothermal,15.12
2023-09-09,Hydro,119.77
2023-09-09,Photovoltaic,121.97
2023-09-09,Wind,48.64
2023-09-10,Biomass,31.07
2023-09-10,Geothermal,15.12
2023-09-10,Hydro,110.5
2023-09-10,Photovoltaic,126.14
2023-09-10,Wind,39.67
2023-09-11,Biomass,46.99
2023-09-11,Geothermal,14.88
2023-09-11,Hydro,124.75
2023-09-11,Photovoltaic,120.18
2023-09-11,Wind,17.49
2023-09-12,Biomass,51.27
2023-09-12,Geothermal,14.65
2023-09-12,Hydro,121.49
2023-09-12,Photovoltaic,111.45
2023-09-12,Wind,14.71
2023-09-13,Biomass,52.06
2023-09-13,Geothermal,14.43
2023-09-13,Hydro,131.91
2023-09-13,Photovoltaic,76.17
2023-09-13,Wind,26.78
2023-09-14,Biomass,48.32
2023-09-14,Geothermal,14.07
2023-09-14,Hydro,113.04
2023-09-14,Photovoltaic,84.34
2023-09-14,Wind,16.65
2023-09-15,Biomass,43.16
2023-09-15,Geothermal,14.66
2023-09-15,Hydro,113.54
2023-09-15,Photovoltaic,89.34
2023-09-15,Wind,8.25
2023-09-16,Biomass,33.01
2023-09-16,Geothermal,14.64
2023-09-16,Hydro,96.44
2023-09-16,Photovoltaic,77.26
2023-09-16,Wind,10.56
2023-09-17,Biomass,28.19
2023-09-17,Geothermal,14.66
2023-09-17,Hydro,95.4
2023-09-17,Photovoltaic,97.31
2023-09-17,Wind,10.06
2023-09-18,Biomass,41.8
2023-09-18,Geothermal,14.78
2023-09-18,Hydro,119.45
2023-09-18,Photovoltaic,64.28
2023-09-18,Wind,22.1
2023-09-19,Biomass,49.56
2023-09-19,Geothermal,14.84
2023-09-19,Hydro,123.86
2023-09-19,Photovoltaic,94.77
2023-09-19,Wind,44.35
2023-09-20,Biomass,48.79
2023-09-20,Geothermal,14.88
2023-09-20,Hydro,111.66
2023-09-20,Photovoltaic,53.65
2023-09-20,Wind,18.34
2023-09-21,Biomass,42.89
2023-09-21,Geothermal,14.51
2023-09-21,Hydro,120.22
2023-09-21,Photovoltaic,73.58
2023-09-21,Wind,62.26
2023-09-22,Biomass,43.78
2023-09-22,Geothermal,14.64
2023-09-22,Hydro,136.87
2023-09-22,Photovoltaic,60.34
2023-09-22,Wind,106.94
2023-09-23,Biomass,34.76
2023-09-23,Geothermal,14.95
2023-09-23,Hydro,130.29
2023-09-23,Photovoltaic,83.91
2023-09-23,Wind,81.84
2023-09-24,Biomass,29.37
2023-09-24,Geothermal,15.04
2023-09-24,Hydro,119.09
2023-09-24,Photovoltaic,110.66
2023-09-24,Wind,94.09
2023-09-25,Biomass,40.52
2023-09-25,Geothermal,14.99
2023-09-25,Hydro,125.38
2023-09-25,Photovoltaic,101.07
2023-09-25,Wind,80.0
2023-09-26,Biomass,41.15
2023-09-26,Geothermal,14.83
2023-09-26,Hydro,116.08
2023-09-26,Photovoltaic,100.64
2023-09-26,Wind,129.65
2023-09-27,Biomass,44.93
2023-09-27,Geothermal,15.02
2023-09-27,Hydro,119.48
2023-09-27,Photovoltaic,110.77
2023-09-27,Wind,80.07
2023-09-28,Biomass,46.62
2023-09-28,Geothermal,14.99
2023-09-28,Hydro,116.28
2023-09-28,Photovoltaic,104.98
2023-09-28,Wind,28.02
2023-09-29,Biomass,44.69
2023-09-29,Geothermal,14.98
2023-09-29,Hydro,117.72
2023-09-29,Photovoltaic,106.7
2023-09-29,Wind,19.48
2023-09-30,Biomass,36.1
2023-09-30,Geothermal,15.05
2023-09-30,Hydro,103.46
2023-09-30,Photovoltaic,110.48
2023-09-30,Wind,29.17
2023-10-01,Biomass,24.22
2023-10-01,Geothermal,15.06
2023-10-01,Hydro,94.64
2023-10-01,Photovoltaic,111.64
2023-10-01,Wind,55.16
2023-10-02,Biomass,35.6
2023-10-02,Geothermal,14.92
2023-10-02,Hydro,104.86
2023-10-02,Photovoltaic,105.6
2023-10-02,Wind,61.14
2023-10-03,Biomass,40.71
2023-10-03,Geothermal,14.93
2023-10-03,Hydro,99.61
2023-10-03,Photovoltaic,101.21
2023-10-03,Wind,15.89
2023-10-04,Biomass,43.27
2023-10-04,Geothermal,14.96
2023-10-04,Hydro,99.87
2023-10-04,Photovoltaic,86.28
2023-10-04,Wind,16.42
2023-10-05,Biomass,45.03
2023-10-05,Geothermal,14.88
2023-10-05,Hydro,104.95
2023-10-05,Photovoltaic,88.58
2023-10-05,Wind,10.22
2023-10-06,Biomass,40.07
2023-10-06,Geothermal,14.93
2023-10-06,Hydro,99.39
2023-10-06,Photovoltaic,92.15
2023-10-06,Wind,16.19
2023-10-07,Biomass,30.69
2023-10-07,Geothermal,15.04
2023-10-07,Hydro,81.22
2023-10-07,Photovoltaic,104.13
2023-10-07,Wind,15.51
2023-10-08,Biomass,28.64
2023-10-08,Geothermal,14.98
2023-10-08,Hydro,79.14
2023-10-08,Photovoltaic,105.67
2023-10-08,Wind,38.05
2023-10-09,Biomass,42.53
2023-10-09,Geothermal,15.03
2023-10-09,Hydro,94.62
2023-10-09,Photovoltaic,98.76
2023-10-09,Wind,24.56
2023-10-10,Biomass,45.24
2023-10-10,Geothermal,14.98
2023-10-10,Hydro,98.87
2023-10-10,Photovoltaic,91.12
2023-10-10,Wind,28.57
2023-10-11,Biomass,45.82
2023-10-11,Geothermal,14.99
2023-10-11,Hydro,95.66
2023-10-11,Photovoltaic,87.74
2023-10-11,Wind,8.12
2023-10-12,Biomass,44.62
2023-10-12,Geothermal,14.82
2023-10-12,Hydro,92.86
2023-10-12,Photovoltaic,85.04
2023-10-12,Wind,8.22
2023-10-13,Biomass,41.9
2023-10-13,Geothermal,15.06
2023-10-13,Hydro,88.22
2023-10-13,Photovoltaic,88.24
2023-10-13,Wind,11.96
2023-10-14,Biomass,35.43
2023-10-14,Geothermal,14.89
2023-10-14,Hydro,65.46
2023-10-14,Photovoltaic,89.39
2023-10-14,Wind,58.0
2023-10-15,Biomass,33.09
2023-10-15,Geothermal,14.96
2023-10-15,Hydro,64.78
2023-10-15,Photovoltaic,80.46
2023-10-15,Wind,107.7
2023-10-16,Biomass,44.46
2023-10-16,Geothermal,15.07
2023-10-16,Hydro,76.75
2023-10-16,Photovoltaic,45.84
2023-10-16,Wind,37.83
2023-10-17,Biomass,47.96
2023-10-17,Geothermal,14.78
2023-10-17,Hydro,78.61
2023-10-17,Photovoltaic,63.41
2023-10-17,Wind,31.56
2023-10-18,Biomass,46.63
2023-10-18,Geothermal,14.57
2023-10-18,Hydro,90.54
2023-10-18,Photovoltaic,36.78
2023-10-18,Wind,25.87
2023-10-19,Biomass,45.5
2023-10-19,Geothermal,14.39
2023-10-19,Hydro,90.1
2023-10-19,Photovoltaic,43.59
2023-10-19,Wind,103.35
2023-10-20,Biomass,46.78
2023-10-20,Geothermal,14.93
2023-10-20,Hydro,108.03
2023-10-20,Photovoltaic,42.59
2023-10-20,Wind,156.34
2023-10-21,Biomass,33.32
2023-10-21,Geothermal,15.1
2023-10-21,Hydro,134.33
2023-10-21,Photovoltaic,51.77
2023-10-21,Wind,91.46
2023-10-22,Biomass,32.15
2023-10-22,Geothermal,15.12
2023-10-22,Hydro,115.38
2023-10-22,Photovoltaic,84.02
2023-10-22,Wind,56.77
2023-10-23,Biomass,43.13
2023-10-23,Geothermal,14.98
2023-10-23,Hydro,125.43
2023-10-23,Photovoltaic,65.23
2023-10-23,Wind,32.27
2023-10-24,Biomass,45.74
2023-10-24,Geothermal,14.77
2023-10-24,Hydro,132.71
2023-10-24,Photovoltaic,30.12
2023-10-24,Wind,87.17
2023-10-25,Biomass,48.27
2023-10-25,Geothermal,15.02
2023-10-25,Hydro,145.1
2023-10-25,Photovoltaic,36.68
2023-10-25,Wind,97.42
2023-10-26,Biomass,49.3
2023-10-26,Geothermal,14.65
2023-10-26,Hydro,147.95
2023-10-26,Photovoltaic,49.74
2023-10-26,Wind,120.25
2023-10-27,Biomass,47.62
2023-10-27,Geothermal,14.62
2023-10-27,Hydro,158.06
2023-10-27,Photovoltaic,64.45
2023-10-27,Wind,155.1
2023-10-28,Biomass,39.27
2023-10-28,Geothermal,15.09
2023-10-28,Hydro,154.07
2023-10-28,Photovoltaic,79.19
2023-10-28,Wind,104.48
2023-10-29,Biomass,42.22
2023-10-29,Geothermal,15.54
2023-10-29,Hydro,150.51
2023-10-29,Photovoltaic,59.23
2023-10-29,Wind,59.61
2023-10-30,Biomass,43.14
2023-10-30,Geothermal,14.82
2023-10-30,Hydro,163.69
2023-10-30,Photovoltaic,40.98
2023-10-30,Wind,91.69
2023-10-31,Biomass,41.61
2023-10-31,Geothermal,14.82
2023-10-31,Hydro,170.85
2023-10-31,Photovoltaic,66.94
2023-10-31,Wind,136.21
2023-11-01,Biomass,33.22
2023-11-01,Geothermal,14.88
2023-11-01,Hydro,177.56
2023-11-01,Photovoltaic,31.16
2023-11-01,Wind,46.02
2023-11-02,Biomass,47.99
2023-11-02,Geothermal,14.61
2023-11-02,Hydro,179.86
2023-11-02,Photovoltaic,34.1
2023-11-02,Wind,127.26
2023-11-03,Biomass,39.46
2023-11-03,Geothermal,14.85
2023-11-03,Hydro,187.05
2023-11-03,Photovoltaic,56.86
2023-11-03,Wind,158.47
2023-11-04,Biomass,29.53
2023-11-04,Geothermal,14.84
2023-11-04,Hydro,177.37
2023-11-04,Photovoltaic,72.5
2023-11-04,Wind,127.95
2023-11-05,Biomass,26.58
2023-11-05,Geothermal,14.76
2023-11-05,Hydro,168.9
2023-11-05,Photovoltaic,79.99
2023-11-05,Wind,155.98
2023-11-06,Biomass,42.36
2023-11-06,Geothermal,14.69
2023-11-06,Hydro,178.84
2023-11-06,Photovoltaic,72.35
2023-11-06,Wind,97.3
2023-11-07,Biomass,46.1
2023-11-07,Geothermal,14.73
2023-11-07,Hydro,171.88
2023-11-07,Photovoltaic,49.56
2023-11-07,Wind,62.57
2023-11-08,Biomass,44.94
2023-11-08,Geothermal,14.87
2023-11-08,Hydro,158.71
2023-11-08,Photovoltaic,57.57
2023-11-08,Wind,37.12
2023-11-09,Biomass,43.79
2023-11-09,Geothermal,14.6
2023-11-09,Hydro,154.76
2023-11-09,Photovoltaic,50.95
2023-11-09,Wind,27.89
2023-11-10,Biomass,36.16
2023-11-10,Geothermal,13.96
2023-11-10,Hydro,161.18
2023-11-10,Photovoltaic,29.21
2023-11-10,Wind,111.51
2023-11-11,Biomass,33.41
2023-11-11,Geothermal,14.1
2023-11-11,Hydro,142.41
2023-11-11,Photovoltaic,75.01
2023-11-11,Wind,129.94
2023-11-12,Biomass,30.85
2023-11-12,Geothermal,14.12
2023-11-12,Hydro,148.11
2023-11-12,Photovoltaic,33.18
2023-11-12,Wind,84.8
2023-11-13,Biomass,45.34
2023-11-13,Geothermal,13.98
2023-11-13,Hydro,147.24
2023-11-13,Photovoltaic,61.98
2023-11-13,Wind,84.69
2023-11-14,Biomass,47.86
2023-11-14,Geothermal,13.85
2023-11-14,Hydro,142.17
2023-11-14,Photovoltaic,44.32
2023-11-14,Wind,129.23
2023-11-15,Biomass,41.94
2023-11-15,Geothermal,14.08
2023-11-15,Hydro,134.5
2023-11-15,Photovoltaic,55.25
2023-11-15,Wind,124.28
2023-11-16,Biomass,38.49
2023-11-16,Geothermal,15.07
2023-11-16,Hydro,137.87
2023-11-16,Photovoltaic,48.76
2023-11-16,Wind,60.97
2023-11-17,Biomass,38.97
2023-11-17,Geothermal,15.28
2023-11-17,Hydro,139.72
2023-11-17,Photovoltaic,68.0
2023-11-17,Wind,153.94
2023-11-18,Biomass,30.31
2023-11-18,Geothermal,15.36
2023-11-18,Hydro,124.98
2023-11-18,Photovoltaic,75.61
2023-11-18,Wind,110.52
2023-11-19,Biomass,27.48
2023-11-19,Geothermal,15.21
2023-11-19,Hydro,108.36
2023-11-19,Photovoltaic,66.38
2023-11-19,Wind,73.45
2023-11-20,Biomass,42.08
2023-11-20,Geothermal,15.12
2023-11-20,Hydro,133.62
2023-11-20,Photovoltaic,37.12
2023-11-20,Wind,68.69
2023-11-21,Biomass,41.41
2023-11-21,Geothermal,15.12
2023-11-21,Hydro,131.97
2023-11-21,Photovoltaic,22.09
2023-11-21,Wind,69.93
2023-11-22,Biomass,42.7
2023-11-22,Geothermal,15.01
2023-11-22,Hydro,126.67
2023-11-22,Photovoltaic,37.76
2023-11-22,Wind,63.7
2023-11-23,Biomass,45.46
2023-11-23,Geothermal,15.05
2023-11-23,Hydro,117.4
2023-11-23,Photovoltaic,50.51
2023-11-23,Wind,120.62
2023-11-24,Biomass,46.67
2023-11-24,Geothermal,15.2
2023-11-24,Hydro,105.48
2023-11-24,Photovoltaic,57.42
2023-11-24,Wind,68.28
2023-11-25,Biomass,31.28
2023-11-25,Geothermal,15.35
2023-11-25,Hydro,110.06
2023-11-25,Photovoltaic,57.34
2023-11-25,Wind,166.18
2023-11-26,Biomass,27.04
2023-11-26,Geothermal,15.34
2023-11-26,Hydro,112.07
2023-11-26,Photovoltaic,69.12
2023-11-26,Wind,71.19
2023-11-27,Biomass,48.57
2023-11-27,Geothermal,15.07
2023-11-27,Hydro,121.01
2023-11-27,Photovoltaic,28.53
2023-11-27,Wind,64.74
2023-11-28,Biomass,56.01
2023-11-28,Geothermal,14.88
2023-11-28,Hydro,115.05
2023-11-28,Photovoltaic,38.69
2023-11-28,Wind,165.87
2023-11-29,Biomass,54.98
2023-11-29,Geothermal,14.88
2023-11-29,Hydro,112.27
2023-11-29,Photovoltaic,54.29
2023-11-29,Wind,66.84
2023-11-30,Biomass,45.87
2023-11-30,Geothermal,14.73
2023-11-30,Hydro,128.09
2023-11-30,Photovoltaic,18.38
2023-11-30,Wind,138.39
2023-12-01,Biomass,50.92
2023-12-01,Geothermal,14.97
2023-12-01,Hydro,122.96
2023-12-01,Photovoltaic,25.82
2023-12-01,Wind,159.93
2023-12-02,Biomass,38.9
2023-12-02,Geothermal,15.26
2023-12-02,Hydro,137.46
2023-12-02,Photovoltaic,39.14
2023-12-02,Wind,157.72
2023-12-03,Biomass,34.53
2023-12-03,Geothermal,15.36
2023-12-03,Hydro,128.98
2023-12-03,Photovoltaic,57.1
2023-12-03,Wind,78.74
2023-12-04,Biomass,47.66
2023-12-04,Geothermal,14.95
2023-12-04,Hydro,138.46
2023-12-04,Photovoltaic,32.13
2023-12-04,Wind,29.93
2023-12-05,Biomass,52.37
2023-12-05,Geothermal,14.26
2023-12-05,Hydro,136.9
2023-12-05,Photovoltaic,15.42
2023-12-05,Wind,76.52
2023-12-06,Biomass,53.91
2023-12-06,Geothermal,14.67
2023-12-06,Hydro,147.18
2023-12-06,Photovoltaic,40.39
2023-12-06,Wind,43.56
2023-12-07,Biomass,54.47
2023-12-07,Geothermal,14.59
2023-12-07,Hydro,145.0
2023-12-07,Photovoltaic,56.61
2023-12-07,Wind,69.86
2023-12-08,Biomass,45.22
2023-12-08,Geothermal,14.74
2023-12-08,Hydro,118.72
2023-12-08,Photovoltaic,26.55
2023-12-08,Wind,28.66
2023-12-09,Biomass,39.39
2023-12-09,Geothermal,14.64
2023-12-09,Hydro,118.3
2023-12-09,Photovoltaic,40.04
2023-12-09,Wind,40.56
2023-12-10,Biomass,37.09
2023-12-10,Geothermal,14.62
2023-12-10,Hydro,102.4
2023-12-10,Photovoltaic,39.67
2023-12-10,Wind,134.8
2023-12-11,Biomass,51.94
2023-12-11,Geothermal,14.26
2023-12-11,Hydro,122.61
2023-12-11,Photovoltaic,25.93
2023-12-11,Wind,98.52
2023-12-12,Biomass,52.22
2023-12-12,Geothermal,14.23
2023-12-12,Hydro,118.98
2023-12-12,Photovoltaic,27.51
2023-12-12,Wind,109.37
2023-12-13,Biomass,54.67
2023-12-13,Geothermal,14.4
2023-12-13,Hydro,123.06
2023-12-13,Photovoltaic,20.74
2023-12-13,Wind,138.31
2023-12-14,Biomass,49.95
2023-12-14,Geothermal,14.26
2023-12-14,Hydro,120.14
2023-12-14,Photovoltaic,26.36
2023-12-14,Wind,77.66
2023-12-15,Biomass,47.14
2023-12-15,Geothermal,14.5
2023-12-15,Hydro,111.0
2023-12-15,Photovoltaic,43.7
2023-12-15,Wind,136.45
2023-12-16,Biomass,35.72
2023-12-16,Geothermal,14.07
2023-12-16,Hydro,101.32
2023-12-16,Photovoltaic,49.48
2023-12-16,Wind,163.38
2023-12-17,Biomass,31.33
2023-12-17,Geothermal,14.35
2023-12-17,Hydro,94.21
2023-12-17,Photovoltaic,55.17
2023-12-17,Wind,90.54
2023-12-18,Biomass,41.29
2023-12-18,Geothermal,14.84
2023-12-18,Hydro,112.54
2023-12-18,Photovoltaic,53.4
2023-12-18,Wind,46.92
2023-12-19,Biomass,43.31
2023-12-19,Geothermal,14.5
2023-12-19,Hydro,115.95
2023-12-19,Photovoltaic,58.97
2023-12-19,Wind,15.89
2023-12-20,Biomass,42.09
2023-12-20,Geothermal,14.69
2023-12-20,Hydro,110.22
2023-12-20,Photovoltaic,35.59
2023-12-20,Wind,26.23
2023-12-21,Biomass,38.21
2023-12-21,Geothermal,14.8
2023-12-21,Hydro,105.81
2023-12-21,Photovoltaic,41.87
2023-12-21,Wind,74.28
2023-12-22,Biomass,32.5
2023-12-22,Geothermal,14.77
2023-12-22,Hydro,94.58
2023-12-22,Photovoltaic,51.42
2023-12-22,Wind,143.31
2023-12-23,Biomass,23.16
2023-12-23,Geothermal,14.97
2023-12-23,Hydro,77.11
2023-12-23,Photovoltaic,51.0
2023-12-23,Wind,143.83
2023-12-24,Biomass,22.98
2023-12-24,Geothermal,15.23
2023-12-24,Hydro,84.76
2023-12-24,Photovoltaic,47.63
2023-12-24,Wind,129.81
2023-12-25,Biomass,22.6
2023-12-25,Geothermal,15.12
2023-12-25,Hydro,77.68
2023-12-25,Photovoltaic,44.93
2023-12-25,Wind,76.36
2023-12-26,Biomass,23.68
2023-12-26,Geothermal,15.12
2023-12-26,Hydro,83.54
2023-12-26,Photovoltaic,36.14
2023-12-26,Wind,40.98
2023-12-27,Biomass,30.66
2023-12-27,Geothermal,15.07
2023-12-27,Hydro,90.49
2023-12-27,Photovoltaic,34.51
2023-12-27,Wind,6.63
2023-12-28,Biomass,30.6
2023-12-28,Geothermal,15.12
2023-12-28,Hydro,89.47
2023-12-28,Photovoltaic,30.3
2023-12-28,Wind,24.49
2023-12-29,Biomass,26.96
2023-12-29,Geothermal,15.13
2023-12-29,Hydro,80.54
2023-12-29,Photovoltaic,26.44
2023-12-29,Wind,17.84
2023-12-30,Biomass,30.44
2023-12-30,Geothermal,15.12
2023-12-30,Hydro,79.05
2023-12-30,Photovoltaic,23.16
2023-12-30,Wind,12.52
2023-12-31,Biomass,26.29
2023-12-31,Geothermal,15.12
2023-12-31,Hydro,90.36
2023-12-31,Photovoltaic,21.01
2023-12-31,Wind,34.21
2024-01-01,Biomass,22.22
2024-01-01,Geothermal,14.75
2024-01-01,Hydro,74.38
2024-01-01,Photovoltaic,27.08
2024-01-01,Wind,77.2
2024-01-02,Biomass,30.69
2024-01-02,Geothermal,15.11
2024-01-02,Hydro,83.19
2024-01-02,Photovoltaic,37.8
2024-01-02,Wind,83.28
2024-01-03,Biomass,27.91
2024-01-03,Geothermal,15.11
2024-01-03,Hydro,82.16
2024-01-03,Photovoltaic,32.09
2024-01-03,Wind,155.59
2024-01-04,Biomass,34.47
2024-01-04,Geothermal,15.12
2024-01-04,Hydro,91.66
2024-01-04,Photovoltaic,54.84
2024-01-04,Wind,127.38
2024-01-05,Biomass,30.62
2024-01-05,Geothermal,15.07
2024-01-05,Hydro,113.39
2024-01-05,Photovoltaic,17.58
2024-01-05,Wind,88.71
2024-01-06,Biomass,32.99
2024-01-06,Geothermal,15.09
2024-01-06,Hydro,95.21
2024-01-06,Photovoltaic,9.64
2024-01-06,Wind,89.69
2024-01-07,Biomass,30.59
2024-01-07,Geothermal,15.12
2024-01-07,Hydro,90.99
2024-01-07,Photovoltaic,13.57
2024-01-07,Wind,116.17
2024-01-08,Biomass,43.42
2024-01-08,Geothermal,14.43
2024-01-08,Hydro,129.53
2024-01-08,Photovoltaic,20.92
2024-01-08,Wind,91.75
2024-01-09,Biomass,46.13
2024-01-09,Geothermal,14.15
2024-01-09,Hydro,121.77
2024-01-09,Photovoltaic,42.09
2024-01-09,Wind,99.08
2024-01-10,Biomass,48.33
2024-01-10,Geothermal,14.16
2024-01-10,Hydro,135.56
2024-01-10,Photovoltaic,24.0
2024-01-10,Wind,25.38
2024-01-11,Biomass,47.78
2024-01-11,Geothermal,14.21
2024-01-11,Hydro,116.06
2024-01-11,Photovoltaic,42.95
2024-01-11,Wind,44.83
2024-01-12,Biomass,49.02
2024-01-12,Geothermal,14.08
2024-01-12,Hydro,117.58
2024-01-12,Photovoltaic,60.27
2024-01-12,Wind,107.52
2024-01-13,Biomass,41.92
2024-01-13,Geothermal,14.83
2024-01-13,Hydro,89.31
2024-01-13,Photovoltaic,54.8
2024-01-13,Wind,76.1
2024-01-14,Biomass,38.76
2024-01-14,Geothermal,14.79
2024-01-14,Hydro,78.12
2024-01-14,Photovoltaic,35.72
2024-01-14,Wind,95.32
2024-01-15,Biomass,49.77
2024-01-15,Geothermal,15.12
2024-01-15,Hydro,106.13
2024-01-15,Photovoltaic,37.41
2024-01-15,Wind,136.12
2024-01-16,Biomass,51.75
2024-01-16,Geothermal,14.48
2024-01-16,Hydro,110.52
2024-01-16,Photovoltaic,43.21
2024-01-16,Wind,83.78
2024-01-17,Biomass,50.28
2024-01-17,Geothermal,14.72
2024-01-17,Hydro,108.58
2024-01-17,Photovoltaic,13.91
2024-01-17,Wind,134.42
2024-01-18,Biomass,48.47
2024-01-18,Geothermal,14.71
2024-01-18,Hydro,107.06
2024-01-18,Photovoltaic,52.31
2024-01-18,Wind,168.72
2024-01-19,Biomass,50.72
2024-01-19,Geothermal,14.95
2024-01-19,Hydro,111.85
2024-01-19,Photovoltaic,25.77
2024-01-19,Wind,128.34
2024-01-20,Biomass,43.8
2024-01-20,Geothermal,15.12
2024-01-20,Hydro,87.38
2024-01-20,Photovoltaic,47.63
2024-01-20,Wind,157.66
2024-01-21,Biomass,39.2
2024-01-21,Geothermal,15.12
2024-01-21,Hydro,76.42
2024-01-21,Photovoltaic,71.16
2024-01-21,Wind,141.52
2024-01-22,Biomass,48.88
2024-01-22,Geothermal,14.98
2024-01-22,Hydro,111.65
2024-01-22,Photovoltaic,70.07
2024-01-22,Wind,51.87
2024-01-23,Biomass,52.61
2024-01-23,Geothermal,14.81
2024-01-23,Hydro,85.76
2024-01-23,Photovoltaic,48.63
2024-01-23,Wind,105.03
2024-01-24,Biomass,50.9
2024-01-24,Geothermal,14.8
2024-01-24,Hydro,104.07
2024-01-24,Photovoltaic,54.19
2024-01-24,Wind,82.59
2024-01-25,Biomass,51.8
2024-01-25,Geothermal,14.78
2024-01-25,Hydro,101.73
2024-01-25,Photovoltaic,54.75
2024-01-25,Wind,77.91
2024-01-26,Biomass,48.04
2024-01-26,Geothermal,14.82
2024-01-26,Hydro,112.62
2024-01-26,Photovoltaic,43.43
2024-01-26,Wind,17.5
2024-01-27,Biomass,36.27
2024-01-27,Geothermal,14.88
2024-01-27,Hydro,82.76
2024-01-27,Photovoltaic,51.17
2024-01-27,Wind,46.5
2024-01-28,Biomass,35.04
2024-01-28,Geothermal,14.88
2024-01-28,Hydro,73.7
2024-01-28,Photovoltaic,58.98
2024-01-28,Wind,98.32
2024-01-29,Biomass,45.73
2024-01-29,Geothermal,14.88
2024-01-29,Hydro,100.65
2024-01-29,Photovoltaic,55.87
2024-01-29,Wind,50.41
2024-01-30,Biomass,52.39
2024-01-30,Geothermal,14.88
2024-01-30,Hydro,97.54
2024-01-30,Photovoltaic,64.23
2024-01-30,Wind,29.7
2024-01-31,Biomass,51.01
2024-01-31,Geothermal,15.03
2024-01-31,Hydro,96.2
2024-01-31,Photovoltaic,69.48
2024-01-31,Wind,14.11
2024-02-01,Biomass,48.99
2024-02-01,Geothermal,14.84
2024-02-01,Hydro,98.92
2024-02-01,Photovoltaic,50.8
2024-02-01,Wind,34.49
2024-02-02,Biomass,47.56
2024-02-02,Geothermal,15.0
2024-02-02,Hydro,90.84
2024-02-02,Photovoltaic,70.75
2024-02-02,Wind,78.08
2024-02-03,Biomass,41.64
2024-02-03,Geothermal,15.12
2024-02-03,Hydro,74.17
2024-02-03,Photovoltaic,84.09
2024-02-03,Wind,48.7
2024-02-04,Biomass,36.44
2024-02-04,Geothermal,15.08
2024-02-04,Hydro,61.69
2024-02-04,Photovoltaic,71.52
2024-02-04,Wind,91.11
2024-02-05,Biomass,40.23
2024-02-05,Geothermal,15.01
2024-02-05,Hydro,85.47
2024-02-05,Photovoltaic,60.44
2024-02-05,Wind,101.39
2024-02-06,Biomass,42.39
2024-02-06,Geothermal,14.62
2024-02-06,Hydro,87.0
2024-02-06,Photovoltaic,58.38
2024-02-06,Wind,79.81
2024-02-07,Biomass,47.42
2024-02-07,Geothermal,15.06
2024-02-07,Hydro,93.65
2024-02-07,Photovoltaic,41.32
2024-02-07,Wind,78.17
2024-02-08,Biomass,47.67
2024-02-08,Geothermal,14.97
2024-02-08,Hydro,88.42
2024-02-08,Photovoltaic,63.08
2024-02-08,Wind,121.21
2024-02-09,Biomass,49.03
2024-02-09,Geothermal,14.88
2024-02-09,Hydro,112.36
2024-02-09,Photovoltaic,30.99
2024-02-09,Wind,123.16
2024-02-10,Biomass,40.82
2024-02-10,Geothermal,14.88
2024-02-10,Hydro,83.79
2024-02-10,Photovoltaic,11.14
2024-02-10,Wind,156.09
2024-02-11,Biomass,32.76
2024-02-11,Geothermal,14.89
2024-02-11,Hydro,71.95
2024-02-11,Photovoltaic,35.04
2024-02-11,Wind,155.33
2024-02-12,Biomass,44.93
2024-02-12,Geothermal,14.95
2024-02-12,Hydro,109.24
2024-02-12,Photovoltaic,68.6
2024-02-12,Wind,72.01
2024-02-13,Biomass,47.46
2024-02-13,Geothermal,14.84
2024-02-13,Hydro,102.61
2024-02-13,Photovoltaic,74.59
2024-02-13,Wind,81.96
2024-02-14,Biomass,47.58
2024-02-14,Geothermal,14.71
2024-02-14,Hydro,95.1
2024-02-14,Photovoltaic,91.54
2024-02-14,Wind,130.03
2024-02-15,Biomass,44.46
2024-02-15,Geothermal,14.98
2024-02-15,Hydro,80.2
2024-02-15,Photovoltaic,88.64
2024-02-15,Wind,59.74
2024-02-16,Biomass,44.68
2024-02-16,Geothermal,15.06
2024-02-16,Hydro,88.47
2024-02-16,Photovoltaic,70.1
2024-02-16,Wind,13.2
2024-02-17,Biomass,35.03
2024-02-17,Geothermal,14.99
2024-02-17,Hydro,83.1
2024-02-17,Photovoltaic,79.87
2024-02-17,Wind,9.88
2024-02-18,Biomass,30.86
2024-02-18,Geothermal,14.88
2024-02-18,Hydro,75.94
2024-02-18,Photovoltaic,81.32
2024-02-18,Wind,18.0
2024-02-19,Biomass,43.04
2024-02-19,Geothermal,14.88
2024-02-19,Hydro,94.01
2024-02-19,Photovoltaic,66.37
2024-02-19,Wind,37.29
2024-02-20,Biomass,43.67
2024-02-20,Geothermal,14.97
2024-02-20,Hydro,91.4
2024-02-20,Photovoltaic,71.11
2024-02-20,Wind,57.22
2024-02-21,Biomass,43.26
2024-02-21,Geothermal,14.76
2024-02-21,Hydro,99.4
2024-02-21,Photovoltaic,87.72
2024-02-21,Wind,48.63
2024-02-22,Biomass,46.35
2024-02-22,Geothermal,14.64
2024-02-22,Hydro,95.34
2024-02-22,Photovoltaic,54.45
2024-02-22,Wind,90.01
2024-02-23,Biomass,42.21
2024-02-23,Geothermal,14.81
2024-02-23,Hydro,110.01
2024-02-23,Photovoltaic,22.36
2024-02-23,Wind,154.75
2024-02-24,Biomass,31.62
2024-02-24,Geothermal,15.12
2024-02-24,Hydro,100.06
2024-02-24,Photovoltaic,55.43
2024-02-24,Wind,65.22
2024-02-25,Biomass,28.91
2024-02-25,Geothermal,15.12
2024-02-25,Hydro,87.96
2024-02-25,Photovoltaic,69.98
2024-02-25,Wind,47.69
2024-02-26,Biomass,43.66
2024-02-26,Geothermal,14.97
2024-02-26,Hydro,105.32
2024-02-26,Photovoltaic,42.68
2024-02-26,Wind,55.07
2024-02-27,Biomass,42.63
2024-02-27,Geothermal,14.88
2024-02-27,Hydro,108.07
2024-02-27,Photovoltaic,36.49
2024-02-27,Wind,82.14
2024-02-28,Biomass,42.91
2024-02-28,Geothermal,14.86
2024-02-28,Hydro,111.26
2024-02-28,Photovoltaic,34.19
2024-02-28,Wind,119.03
2024-02-29,Biomass,47.02
2024-02-29,Geothermal,14.88
2024-02-29,Hydro,129.83
2024-02-29,Photovoltaic,37.6
2024-02-29,Wind,67.18
2024-03-01,Biomass,47.74
2024-03-01,Geothermal,14.88
2024-03-01,Hydro,125.44
2024-03-01,Photovoltaic,49.44
2024-03-01,Wind,59.37
2024-03-02,Biomass,32.23
2024-03-02,Geothermal,14.88
2024-03-02,Hydro,117.3
2024-03-02,Photovoltaic,66.3
2024-03-02,Wind,79.64
2024-03-03,Biomass,31.09
2024-03-03,Geothermal,14.71
2024-03-03,Hydro,118.43
2024-03-03,Photovoltaic,72.61
2024-03-03,Wind,94.79
2024-03-04,Biomass,44.02
2024-03-04,Geothermal,15.05
2024-03-04,Hydro,130.78
2024-03-04,Photovoltaic,48.33
2024-03-04,Wind,95.64
2024-03-05,Biomass,45.21
2024-03-05,Geothermal,14.69
2024-03-05,Hydro,123.81
2024-03-05,Photovoltaic,87.81
2024-03-05,Wind,68.92
2024-03-06,Biomass,44.0
2024-03-06,Geothermal,14.86
2024-03-06,Hydro,139.47
2024-03-06,Photovoltaic,100.36
2024-03-06,Wind,119.0
2024-03-07,Biomass,44.4
2024-03-07,Geothermal,14.9
2024-03-07,Hydro,134.28
2024-03-07,Photovoltaic,98.1
2024-03-07,Wind,48.2
2024-03-08,Biomass,47.89
2024-03-08,Geothermal,15.09
2024-03-08,Hydro,141.91
2024-03-08,Photovoltaic,81.94
2024-03-08,Wind,42.58
2024-03-09,Biomass,41.6
2024-03-09,Geothermal,14.97
2024-03-09,Hydro,127.09
2024-03-09,Photovoltaic,50.28
2024-03-09,Wind,91.91
2024-03-10,Biomass,36.92
2024-03-10,Geothermal,14.85
2024-03-10,Hydro,121.86
2024-03-10,Photovoltaic,32.25
2024-03-10,Wind,134.62
2024-03-11,Biomass,46.88
2024-03-11,Geothermal,14.82
2024-03-11,Hydro,130.82
2024-03-11,Photovoltaic,82.18
2024-03-11,Wind,115.13
2024-03-12,Biomass,50.14
2024-03-12,Geothermal,14.84
2024-03-12,Hydro,123.27
2024-03-12,Photovoltaic,104.12
2024-03-12,Wind,93.09
2024-03-13,Biomass,48.81
2024-03-13,Geothermal,14.88
2024-03-13,Hydro,134.35
2024-03-13,Photovoltaic,99.94
2024-03-13,Wind,37.93
2024-03-14,Biomass,47.76
2024-03-14,Geothermal,14.96
2024-03-14,Hydro,122.27
2024-03-14,Photovoltaic,120.96
2024-03-14,Wind,19.89
2024-03-15,Biomass,45.41
2024-03-15,Geothermal,15.04
2024-03-15,Hydro,124.73
2024-03-15,Photovoltaic,103.39
2024-03-15,Wind,47.13
2024-03-16,Biomass,36.83
2024-03-16,Geothermal,14.88
2024-03-16,Hydro,124.2
2024-03-16,Photovoltaic,96.35
2024-03-16,Wind,38.74
2024-03-17,Biomass,35.76
2024-03-17,Geothermal,14.87
2024-03-17,Hydro,115.53
2024-03-17,Photovoltaic,100.0
2024-03-17,Wind,27.32
2024-03-18,Biomass,44.92
2024-03-18,Geothermal,14.88
2024-03-18,Hydro,132.53
2024-03-18,Photovoltaic,67.61
2024-03-18,Wind,75.18
2024-03-19,Biomass,46.33
2024-03-19,Geothermal,14.97
2024-03-19,Hydro,136.63
2024-03-19,Photovoltaic,97.7
2024-03-19,Wind,72.31
2024-03-20,Biomass,47.97
2024-03-20,Geothermal,15.02
2024-03-20,Hydro,138.94
2024-03-20,Photovoltaic,123.37
2024-03-20,Wind,45.29
2024-03-21,Biomass,47.74
2024-03-21,Geothermal,14.96
2024-03-21,Hydro,130.54
2024-03-21,Photovoltaic,125.59
2024-03-21,Wind,42.4
2024-03-22,Biomass,46.16
2024-03-22,Geothermal,14.86
2024-03-22,Hydro,130.39
2024-03-22,Photovoltaic,109.24
2024-03-22,Wind,37.21
2024-03-23,Biomass,38.63
2024-03-23,Geothermal,14.93
2024-03-23,Hydro,122.7
2024-03-23,Photovoltaic,122.36
2024-03-23,Wind,73.97
2024-03-24,Biomass,34.04
2024-03-24,Geothermal,14.82
2024-03-24,Hydro,105.42
2024-03-24,Photovoltaic,125.78
2024-03-24,Wind,129.89
2024-03-25,Biomass,46.39
2024-03-25,Geothermal,14.93
2024-03-25,Hydro,133.29
2024-03-25,Photovoltaic,112.99
2024-03-25,Wind,50.65
2024-03-26,Biomass,50.05
2024-03-26,Geothermal,14.91
2024-03-26,Hydro,143.12
2024-03-26,Photovoltaic,26.08
2024-03-26,Wind,78.06
2024-03-27,Biomass,47.99
2024-03-27,Geothermal,14.87
2024-03-27,Hydro,144.09
2024-03-27,Photovoltaic,47.08
2024-03-27,Wind,129.68
2024-03-28,Biomass,46.21
2024-03-28,Geothermal,14.42
2024-03-28,Hydro,139.73
2024-03-28,Photovoltaic,71.81
2024-03-28,Wind,149.03
2024-03-29,Biomass,45.42
2024-03-29,Geothermal,14.29
2024-03-29,Hydro,139.22
2024-03-29,Photovoltaic,83.02
2024-03-29,Wind,83.3
2024-03-30,Biomass,38.45
2024-03-30,Geothermal,14.68
2024-03-30,Hydro,127.77
2024-03-30,Photovoltaic,88.05
2024-03-30,Wind,108.82
2024-03-31,Biomass,33.28
2024-03-31,Geothermal,13.85
2024-03-31,Hydro,136.98
2024-03-31,Photovoltaic,76.44
2024-03-31,Wind,102.65
2024-04-01,Biomass,44.72
2024-04-01,Geothermal,14.67
2024-04-01,Hydro,144.34
2024-04-01,Photovoltaic,79.8
2024-04-01,Wind,133.31
2024-04-02,Biomass,60.09
2024-04-02,Geothermal,14.82
2024-04-02,Hydro,154.98
2024-04-02,Photovoltaic,140.51
2024-04-02,Wind,117.97
2024-04-03,Biomass,57.94
2024-04-03,Geothermal,14.67
2024-04-03,Hydro,149.99
2024-04-03,Photovoltaic,94.81
2024-04-03,Wind,66.98
2024-04-04,Biomass,47.24
2024-04-04,Geothermal,14.7
2024-04-04,Hydro,149.44
2024-04-04,Photovoltaic,137.58
2024-04-04,Wind,49.0
2024-04-05,Biomass,43.74
2024-04-05,Geothermal,14.63
2024-04-05,Hydro,155.63
2024-04-05,Photovoltaic,135.02
2024-04-05,Wind,16.09
2024-04-06,Biomass,37.49
2024-04-06,Geothermal,14.64
2024-04-06,Hydro,155.88
2024-04-06,Photovoltaic,145.84
2024-04-06,Wind,10.67
2024-04-07,Biomass,35.0
2024-04-07,Geothermal,14.44
2024-04-07,Hydro,145.78
2024-04-07,Photovoltaic,144.02
2024-04-07,Wind,26.36
2024-04-08,Biomass,59.24
2024-04-08,Geothermal,14.54
2024-04-08,Hydro,159.34
2024-04-08,Photovoltaic,130.54
2024-04-08,Wind,24.4
2024-04-09,Biomass,51.73
2024-04-09,Geothermal,14.43
2024-04-09,Hydro,173.26
2024-04-09,Photovoltaic,107.96
2024-04-09,Wind,66.23
2024-04-10,Biomass,49.24
2024-04-10,Geothermal,14.5
2024-04-10,Hydro,169.75
2024-04-10,Photovoltaic,78.34
2024-04-10,Wind,117.54
2024-04-11,Biomass,45.92
2024-04-11,Geothermal,14.52
2024-04-11,Hydro,157.44
2024-04-11,Photovoltaic,124.56
2024-04-11,Wind,65.7
2024-04-12,Biomass,42.83
2024-04-12,Geothermal,14.44
2024-04-12,Hydro,161.6
2024-04-12,Photovoltaic,144.39
2024-04-12,Wind,80.72
2024-04-13,Biomass,31.5
2024-04-13,Geothermal,14.4
2024-04-13,Hydro,175.19
2024-04-13,Photovoltaic,151.38
2024-04-13,Wind,49.6
2024-04-14,Biomass,25.83
2024-04-14,Geothermal,14.32
2024-04-14,Hydro,174.42
2024-04-14,Photovoltaic,150.07
2024-04-14,Wind,21.8
2024-04-15,Biomass,46.16
2024-04-15,Geothermal,14.42
2024-04-15,Hydro,192.22
2024-04-15,Photovoltaic,99.81
2024-04-15,Wind,77.69
2024-04-16,Biomass,41.83
2024-04-16,Geothermal,14.52
2024-04-16,Hydro,191.25
2024-04-16,Photovoltaic,105.78
2024-04-16,Wind,135.86
2024-04-17,Biomass,45.4
2024-04-17,Geothermal,14.41
2024-04-17,Hydro,180.22
2024-04-17,Photovoltaic,119.71
2024-04-17,Wind,119.82
2024-04-18,Biomass,48.17
2024-04-18,Geothermal,14.47
2024-04-18,Hydro,174.02
2024-04-18,Photovoltaic,101.17
2024-04-18,Wind,64.09
2024-04-19,Biomass,42.6
2024-04-19,Geothermal,14.71
2024-04-19,Hydro,178.94
2024-04-19,Photovoltaic,126.78
2024-04-19,Wind,100.21
2024-04-20,Biomass,35.71
2024-04-20,Geothermal,14.79
2024-04-20,Hydro,185.39
2024-04-20,Photovoltaic,121.57
2024-04-20,Wind,85.3
2024-04-21,Biomass,29.58
2024-04-21,Geothermal,14.81
2024-04-21,Hydro,158.1
2024-04-21,Photovoltaic,138.92
2024-04-21,Wind,68.88
2024-04-22,Biomass,45.84
2024-04-22,Geothermal,14.44
2024-04-22,Hydro,174.3
2024-04-22,Photovoltaic,85.87
2024-04-22,Wind,50.54
2024-04-23,Biomass,41.56
2024-04-23,Geothermal,14.72
2024-04-23,Hydro,163.3
2024-04-23,Photovoltaic,107.45
2024-04-23,Wind,105.32
2024-04-24,Biomass,36.4
2024-04-24,Geothermal,14.85
2024-04-24,Hydro,145.38
2024-04-24,Photovoltaic,102.04
2024-04-24,Wind,96.02
2024-04-25,Biomass,35.87
2024-04-25,Geothermal,14.88
2024-04-25,Hydro,141.73
2024-04-25,Photovoltaic,143.29
2024-04-25,Wind,79.37
2024-04-26,Biomass,38.58
2024-04-26,Geothermal,14.82
2024-04-26,Hydro,134.13
2024-04-26,Photovoltaic,116.59
2024-04-26,Wind,36.51
2024-04-27,Biomass,31.94
2024-04-27,Geothermal,14.64
2024-04-27,Hydro,128.1
2024-04-27,Photovoltaic,121.67
2024-04-27,Wind,29.68
2024-04-28,Biomass,31.26
2024-04-28,Geothermal,14.57
2024-04-28,Hydro,121.2
2024-04-28,Photovoltaic,137.3
2024-04-28,Wind,51.98
2024-04-29,Biomass,45.87
2024-04-29,Geothermal,14.51
2024-04-29,Hydro,123.72
2024-04-29,Photovoltaic,144.83
2024-04-29,Wind,64.28
2024-04-30,Biomass,32.15
2024-04-30,Geothermal,14.45
2024-04-30,Hydro,129.09
2024-04-30,Photovoltaic,145.51
2024-04-30,Wind,65.69
2024-05-01,Biomass,33.11
2024-05-01,Geothermal,14.61
2024-05-01,Hydro,135.34
2024-05-01,Photovoltaic,77.06
2024-05-01,Wind,89.16
2024-05-02,Biomass,50.63
2024-05-02,Geothermal,14.61
2024-05-02,Hydro,157.18
2024-05-02,Photovoltaic,96.5
2024-05-02,Wind,116.08
2024-05-03,Biomass,49.33
2024-05-03,Geothermal,14.61
2024-05-03,Hydro,163.58
2024-05-03,Photovoltaic,137.94
2024-05-03,Wind,130.11
2024-05-04,Biomass,33.13
2024-05-04,Geothermal,14.58
2024-05-04,Hydro,159.48
2024-05-04,Photovoltaic,151.94
2024-05-04,Wind,65.96
2024-05-05,Biomass,30.65
2024-05-05,Geothermal,14.58
2024-05-05,Hydro,151.88
2024-05-05,Photovoltaic,169.02
2024-05-05,Wind,30.37
2024-05-06,Biomass,42.89
2024-05-06,Geothermal,14.44
2024-05-06,Hydro,174.04
2024-05-06,Photovoltaic,126.73
2024-05-06,Wind,33.5
2024-05-07,Biomass,42.75
2024-05-07,Geothermal,13.76
2024-05-07,Hydro,174.38
2024-05-07,Photovoltaic,79.54
2024-05-07,Wind,60.96
2024-05-08,Biomass,43.69
2024-05-08,Geothermal,14.06
2024-05-08,Hydro,176.61
2024-05-08,Photovoltaic,100.52
2024-05-08,Wind,40.72
2024-05-09,Biomass,42.64
2024-05-09,Geothermal,14.12
2024-05-09,Hydro,176.42
2024-05-09,Photovoltaic,119.29
2024-05-09,Wind,113.65
2024-05-10,Biomass,42.6
2024-05-10,Geothermal,14.73
2024-05-10,Hydro,176.73
2024-05-10,Photovoltaic,149.92
2024-05-10,Wind,93.78
2024-05-11,Biomass,33.66
2024-05-11,Geothermal,14.8
2024-05-11,Hydro,176.86
2024-05-11,Photovoltaic,164.27
2024-05-11,Wind,57.1
2024-05-12,Biomass,30.53
2024-05-12,Geothermal,14.14
2024-05-12,Hydro,175.96
2024-05-12,Photovoltaic,158.99
2024-05-12,Wind,11.59
2024-05-13,Biomass,40.96
2024-05-13,Geothermal,13.84
2024-05-13,Hydro,192.71
2024-05-13,Photovoltaic,132.84
2024-05-13,Wind,14.4
2024-05-14,Biomass,44.76
2024-05-14,Geothermal,13.37
2024-05-14,Hydro,190.97
2024-05-14,Photovoltaic,129.89
2024-05-14,Wind,23.59
2024-05-15,Biomass,41.8
2024-05-15,Geothermal,13.78
2024-05-15,Hydro,206.48
2024-05-15,Photovoltaic,81.18
2024-05-15,Wind,41.54
2024-05-16,Biomass,38.9
2024-05-16,Geothermal,13.72
2024-05-16,Hydro,201.64
2024-05-16,Photovoltaic,106.52
2024-05-16,Wind,67.02
2024-05-17,Biomass,41.35
2024-05-17,Geothermal,13.57
2024-05-17,Hydro,199.73
2024-05-17,Photovoltaic,159.42
2024-05-17,Wind,37.19
2024-05-18,Biomass,32.75
2024-05-18,Geothermal,14.66
2024-05-18,Hydro,197.1
2024-05-18,Photovoltaic,130.56
2024-05-18,Wind,25.71
2024-05-19,Biomass,29.04
2024-05-19,Geothermal,14.71
2024-05-19,Hydro,182.07
2024-05-19,Photovoltaic,128.04
2024-05-19,Wind,23.95
2024-05-20,Biomass,42.13
2024-05-20,Geothermal,14.47
2024-05-20,Hydro,192.77
2024-05-20,Photovoltaic,93.12
2024-05-20,Wind,37.0
2024-05-21,Biomass,45.86
2024-05-21,Geothermal,14.52
2024-05-21,Hydro,195.42
2024-05-21,Photovoltaic,127.35
2024-05-21,Wind,117.64
2024-05-22,Biomass,47.25
2024-05-22,Geothermal,14.47
2024-05-22,Hydro,201.46
2024-05-22,Photovoltaic,137.15
2024-05-22,Wind,116.63
2024-05-23,Biomass,47.24
2024-05-23,Geothermal,14.5
2024-05-23,Hydro,203.27
2024-05-23,Photovoltaic,142.8
2024-05-23,Wind,45.02
2024-05-24,Biomass,48.35
2024-05-24,Geothermal,14.55
2024-05-24,Hydro,206.05
2024-05-24,Photovoltaic,146.79
2024-05-24,Wind,14.86
2024-05-25,Biomass,37.6
2024-05-25,Geothermal,14.63
2024-05-25,Hydro,195.12
2024-05-25,Photovoltaic,116.83
2024-05-25,Wind,13.78
2024-05-26,Biomass,29.83
2024-05-26,Geothermal,14.72
2024-05-26,Hydro,176.14
2024-05-26,Photovoltaic,171.01
2024-05-26,Wind,36.14
2024-05-27,Biomass,42.84
2024-05-27,Geothermal,14.02
2024-05-27,Hydro,205.94
2024-05-27,Photovoltaic,143.23
2024-05-27,Wind,15.49
2024-05-28,Biomass,47.32
2024-05-28,Geothermal,13.81
2024-05-28,Hydro,203.12
2024-05-28,Photovoltaic,135.43
2024-05-28,Wind,26.77
2024-05-29,Biomass,47.75
2024-05-29,Geothermal,13.7
2024-05-29,Hydro,198.91
2024-05-29,Photovoltaic,143.08
2024-05-29,Wind,10.69
2024-05-30,Biomass,47.62
2024-05-30,Geothermal,13.71
2024-05-30,Hydro,203.11
2024-05-30,Photovoltaic,111.61
2024-05-30,Wind,51.84
2024-05-31,Biomass,48.65
2024-05-31,Geothermal,13.92
2024-05-31,Hydro,205.04
2024-05-31,Photovoltaic,119.06
2024-05-31,Wind,112.19
2024-06-01,Biomass,41.6
2024-06-01,Geothermal,13.94
2024-06-01,Hydro,193.35
2024-06-01,Photovoltaic,147.4
2024-06-01,Wind,65.0
2024-06-02,Biomass,33.7
2024-06-02,Geothermal,13.94
2024-06-02,Hydro,189.27
2024-06-02,Photovoltaic,120.17
2024-06-02,Wind,35.46
2024-06-03,Biomass,40.15
2024-06-03,Geothermal,13.84
2024-06-03,Hydro,211.53
2024-06-03,Photovoltaic,144.39
2024-06-03,Wind,40.05
2024-06-04,Biomass,43.24
2024-06-04,Geothermal,13.3
2024-06-04,Hydro,210.64
2024-06-04,Photovoltaic,144.24
2024-06-04,Wind,19.7
2024-06-05,Biomass,42.17
2024-06-05,Geothermal,13.92
2024-06-05,Hydro,201.93
2024-06-05,Photovoltaic,160.02
2024-06-05,Wind,24.79
2024-06-06,Biomass,41.17
2024-06-06,Geothermal,13.92
2024-06-06,Hydro,202.97
2024-06-06,Photovoltaic,164.46
2024-06-06,Wind,28.54
2024-06-07,Biomass,37.93
2024-06-07,Geothermal,13.95
2024-06-07,Hydro,206.65
2024-06-07,Photovoltaic,159.99
2024-06-07,Wind,20.59
2024-06-08,Biomass,27.87
2024-06-08,Geothermal,13.81
2024-06-08,Hydro,200.36
2024-06-08,Photovoltaic,134.96
2024-06-08,Wind,18.49
2024-06-09,Biomass,24.34
2024-06-09,Geothermal,13.85
2024-06-09,Hydro,198.42
2024-06-09,Photovoltaic,101.91
2024-06-09,Wind,50.51
2024-06-10,Biomass,39.93
2024-06-10,Geothermal,13.79
2024-06-10,Hydro,207.01
2024-06-10,Photovoltaic,145.38
2024-06-10,Wind,105.31
2024-06-11,Biomass,45.59
2024-06-11,Geothermal,13.92
2024-06-11,Hydro,212.29
2024-06-11,Photovoltaic,127.99
2024-06-11,Wind,59.41
2024-06-12,Biomass,45.85
2024-06-12,Geothermal,13.57
2024-06-12,Hydro,219.19
2024-06-12,Photovoltaic,134.16
2024-06-12,Wind,38.33
2024-06-13,Biomass,46.31
2024-06-13,Geothermal,13.98
2024-06-13,Hydro,217.17
2024-06-13,Photovoltaic,140.64
2024-06-13,Wind,79.38
2024-06-14,Biomass,46.16
2024-06-14,Geothermal,13.88
2024-06-14,Hydro,215.78
2024-06-14,Photovoltaic,151.26
2024-06-14,Wind,45.17
2024-06-15,Biomass,34.47
2024-06-15,Geothermal,13.87
2024-06-15,Hydro,208.75
2024-06-15,Photovoltaic,141.29
2024-06-15,Wind,32.88
2024-06-16,Biomass,32.27
2024-06-16,Geothermal,13.88
2024-06-16,Hydro,210.51
2024-06-16,Photovoltaic,147.88
2024-06-16,Wind,59.83
2024-06-17,Biomass,46.34
2024-06-17,Geothermal,13.63
2024-06-17,Hydro,223.57
2024-06-17,Photovoltaic,167.75
2024-06-17,Wind,28.86
2024-06-18,Biomass,46.66
2024-06-18,Geothermal,13.5
2024-06-18,Hydro,219.42
2024-06-18,Photovoltaic,147.89
2024-06-18,Wind,20.2
2024-06-19,Biomass,50.11
2024-06-19,Geothermal,13.74
2024-06-19,Hydro,234.85
2024-06-19,Photovoltaic,120.94
2024-06-19,Wind,21.52
2024-06-20,Biomass,49.25
2024-06-20,Geothermal,13.94
2024-06-20,Hydro,229.21
2024-06-20,Photovoltaic,108.53
2024-06-20,Wind,34.67
2024-06-21,Biomass,46.45
2024-06-21,Geothermal,14.6
2024-06-21,Hydro,225.4
2024-06-21,Photovoltaic,110.3
2024-06-21,Wind,30.16
2024-06-22,Biomass,35.56
2024-06-22,Geothermal,14.88
2024-06-22,Hydro,205.95
2024-06-22,Photovoltaic,163.75
2024-06-22,Wind,93.11
2024-06-23,Biomass,33.84
2024-06-23,Geothermal,14.88
2024-06-23,Hydro,215.11
2024-06-23,Photovoltaic,94.45
2024-06-23,Wind,72.1
2024-06-24,Biomass,49.25
2024-06-24,Geothermal,14.9
2024-06-24,Hydro,229.59
2024-06-24,Photovoltaic,97.68
2024-06-24,Wind,31.5
2024-06-25,Biomass,53.36
2024-06-25,Geothermal,14.57
2024-06-25,Hydro,231.0
2024-06-25,Photovoltaic,100.7
2024-06-25,Wind,49.58
2024-06-26,Biomass,51.54
2024-06-26,Geothermal,14.76
2024-06-26,Hydro,223.9
2024-06-26,Photovoltaic,140.87
2024-06-26,Wind,32.57
2024-06-27,Biomass,52.27
2024-06-27,Geothermal,14.73
2024-06-27,Hydro,224.47
2024-06-27,Photovoltaic,161.62
2024-06-27,Wind,35.46
2024-06-28,Biomass,48.63
2024-06-28,Geothermal,14.65
2024-06-28,Hydro,239.52
2024-06-28,Photovoltaic,164.73
2024-06-28,Wind,38.84
2024-06-29,Biomass,36.61
2024-06-29,Geothermal,14.6
2024-06-29,Hydro,214.26
2024-06-29,Photovoltaic,132.48
2024-06-29,Wind,46.24
2024-06-30,Biomass,33.7
2024-06-30,Geothermal,14.8
2024-06-30,Hydro,210.81
2024-06-30,Photovoltaic,159.72
2024-06-30,Wind,65.7
2024-07-01,Biomass,48.35
2024-07-01,Geothermal,14.7
2024-07-01,Hydro,222.38
2024-07-01,Photovoltaic,129.31
2024-07-01,Wind,46.24
2024-07-02,Biomass,47.09
2024-07-02,Geothermal,14.45
2024-07-02,Hydro,215.67
2024-07-02,Photovoltaic,147.02
2024-07-02,Wind,83.35
2024-07-03,Biomass,47.34
2024-07-03,Geothermal,14.53
2024-07-03,Hydro,218.19
2024-07-03,Photovoltaic,104.81
2024-07-03,Wind,57.56
2024-07-04,Biomass,48.66
2024-07-04,Geothermal,14.64
2024-07-04,Hydro,208.84
2024-07-04,Photovoltaic,160.74
2024-07-04,Wind,44.51
2024-07-05,Biomass,39.97
2024-07-05,Geothermal,14.71
2024-07-05,Hydro,211.77
2024-07-05,Photovoltaic,166.24
2024-07-05,Wind,15.31
2024-07-06,Biomass,29.64
2024-07-06,Geothermal,14.6
2024-07-06,Hydro,201.43
2024-07-06,Photovoltaic,153.19
2024-07-06,Wind,42.02
2024-07-07,Biomass,28.55
2024-07-07,Geothermal,14.64
2024-07-07,Hydro,187.9
2024-07-07,Photovoltaic,117.72
2024-07-07,Wind,38.6
2024-07-08,Biomass,41.83
2024-07-08,Geothermal,14.58
2024-07-08,Hydro,213.31
2024-07-08,Photovoltaic,154.67
2024-07-08,Wind,33.51
2024-07-09,Biomass,45.68
2024-07-09,Geothermal,14.68
2024-07-09,Hydro,217.15
2024-07-09,Photovoltaic,161.06
2024-07-09,Wind,30.08
2024-07-10,Biomass,44.12
2024-07-10,Geothermal,13.94
2024-07-10,Hydro,210.93
2024-07-10,Photovoltaic,160.96
2024-07-10,Wind,27.71
2024-07-11,Biomass,45.04
2024-07-11,Geothermal,14.56
2024-07-11,Hydro,207.1
2024-07-11,Photovoltaic,162.36
2024-07-11,Wind,20.8
2024-07-12,Biomass,44.48
2024-07-12,Geothermal,14.6
2024-07-12,Hydro,199.91
2024-07-12,Photovoltaic,144.78
2024-07-12,Wind,28.83
2024-07-13,Biomass,38.28
2024-07-13,Geothermal,14.54
2024-07-13,Hydro,198.22
2024-07-13,Photovoltaic,158.47
2024-07-13,Wind,50.29
2024-07-14,Biomass,34.76
2024-07-14,Geothermal,14.63
2024-07-14,Hydro,201.7
2024-07-14,Photovoltaic,162.68
2024-07-14,Wind,31.66
2024-07-15,Biomass,47.99
2024-07-15,Geothermal,14.55
2024-07-15,Hydro,224.14
2024-07-15,Photovoltaic,164.79
2024-07-15,Wind,16.29
2024-07-16,Biomass,50.18
2024-07-16,Geothermal,14.62
2024-07-16,Hydro,210.29
2024-07-16,Photovoltaic,164.05
2024-07-16,Wind,24.84
2024-07-17,Biomass,51.38
2024-07-17,Geothermal,14.49
2024-07-17,Hydro,220.48
2024-07-17,Photovoltaic,157.63
2024-07-17,Wind,22.61
2024-07-18,Biomass,50.3
2024-07-18,Geothermal,14.52
2024-07-18,Hydro,206.05
2024-07-18,Photovoltaic,155.99
2024-07-18,Wind,25.26
2024-07-19,Biomass,50.63
2024-07-19,Geothermal,14.5
2024-07-19,Hydro,200.57
2024-07-19,Photovoltaic,149.63
2024-07-19,Wind,30.32
2024-07-20,Biomass,47.06
2024-07-20,Geothermal,14.51
2024-07-20,Hydro,185.12
2024-07-20,Photovoltaic,155.56
2024-07-20,Wind,40.63
2024-07-21,Biomass,39.22
2024-07-21,Geothermal,14.46
2024-07-21,Hydro,184.64
2024-07-21,Photovoltaic,149.81
2024-07-21,Wind,26.72
2024-07-22,Biomass,46.88
2024-07-22,Geothermal,14.34
2024-07-22,Hydro,202.99
2024-07-22,Photovoltaic,126.4
2024-07-22,Wind,44.41
2024-07-23,Biomass,49.43
2024-07-23,Geothermal,14.36
2024-07-23,Hydro,192.35
2024-07-23,Photovoltaic,151.04
2024-07-23,Wind,62.72
2024-07-24,Biomass,48.17
2024-07-24,Geothermal,14.31
2024-07-24,Hydro,188.64
2024-07-24,Photovoltaic,153.6
2024-07-24,Wind,55.06
2024-07-25,Biomass,47.3
2024-07-25,Geothermal,14.37
2024-07-25,Hydro,192.92
2024-07-25,Photovoltaic,150.44
2024-07-25,Wind,43.5
2024-07-26,Biomass,44.0
2024-07-26,Geothermal,14.17
2024-07-26,Hydro,186.15
2024-07-26,Photovoltaic,157.15
2024-07-26,Wind,32.1
2024-07-27,Biomass,36.07
2024-07-27,Geothermal,14.27
2024-07-27,Hydro,172.88
2024-07-27,Photovoltaic,161.05
2024-07-27,Wind,12.17
2024-07-28,Biomass,30.55
2024-07-28,Geothermal,14.3
2024-07-28,Hydro,174.25
2024-07-28,Photovoltaic,162.27
2024-07-28,Wind,12.56
2024-07-29,Biomass,45.97
2024-07-29,Geothermal,14.19
2024-07-29,Hydro,184.47
2024-07-29,Photovoltaic,161.45
2024-07-29,Wind,55.22
2024-07-30,Biomass,48.35
2024-07-30,Geothermal,14.12
2024-07-30,Hydro,177.25
2024-07-30,Photovoltaic,160.2
2024-07-30,Wind,95.39
2024-07-31,Biomass,48.05
2024-07-31,Geothermal,14.12
2024-07-31,Hydro,180.01
2024-07-31,Photovoltaic,157.11
2024-07-31,Wind,40.02
2024-08-01,Biomass,50.76
2024-08-01,Geothermal,14.11
2024-08-01,Hydro,174.1
2024-08-01,Photovoltaic,155.67
2024-08-01,Wind,23.73
2024-08-02,Biomass,49.42
2024-08-02,Geothermal,14.11
2024-08-02,Hydro,178.09
2024-08-02,Photovoltaic,152.87
2024-08-02,Wind,43.64
2024-08-03,Biomass,41.5
2024-08-03,Geothermal,13.82
2024-08-03,Hydro,156.92
2024-08-03,Photovoltaic,130.82
2024-08-03,Wind,44.72
2024-08-04,Biomass,32.55
2024-08-04,Geothermal,13.96
2024-08-04,Hydro,149.56
2024-08-04,Photovoltaic,147.22
2024-08-04,Wind,26.45
2024-08-05,Biomass,39.16
2024-08-05,Geothermal,13.88
2024-08-05,Hydro,162.38
2024-08-05,Photovoltaic,147.58
2024-08-05,Wind,20.48
2024-08-06,Biomass,38.41
2024-08-06,Geothermal,13.89
2024-08-06,Hydro,165.52
2024-08-06,Photovoltaic,147.44
2024-08-06,Wind,10.74
2024-08-07,Biomass,35.56
2024-08-07,Geothermal,13.88
2024-08-07,Hydro,160.35
2024-08-07,Photovoltaic,137.56
2024-08-07,Wind,12.96
2024-08-08,Biomass,36.81
2024-08-08,Geothermal,14.04
2024-08-08,Hydro,141.85
2024-08-08,Photovoltaic,153.01
2024-08-08,Wind,25.96
2024-08-09,Biomass,36.11
2024-08-09,Geothermal,13.83
2024-08-09,Hydro,152.52
2024-08-09,Photovoltaic,157.43
2024-08-09,Wind,32.29
2024-08-10,Biomass,29.87
2024-08-10,Geothermal,14.06
2024-08-10,Hydro,156.73
2024-08-10,Photovoltaic,158.35
2024-08-10,Wind,40.22
2024-08-11,Biomass,27.47
2024-08-11,Geothermal,14.0
2024-08-11,Hydro,158.83
2024-08-11,Photovoltaic,154.94
2024-08-11,Wind,30.67
2024-08-12,Biomass,38.83
2024-08-12,Geothermal,14.0
2024-08-12,Hydro,157.87
2024-08-12,Photovoltaic,150.62
2024-08-12,Wind,12.98
2024-08-13,Biomass,38.67
2024-08-13,Geothermal,14.01
2024-08-13,Hydro,140.61
2024-08-13,Photovoltaic,148.16
2024-08-13,Wind,13.2
2024-08-14,Biomass,30.85
2024-08-14,Geothermal,14.05
2024-08-14,Hydro,138.65
2024-08-14,Photovoltaic,142.88
2024-08-14,Wind,18.99
2024-08-15,Biomass,28.83
2024-08-15,Geothermal,13.98
2024-08-15,Hydro,136.7
2024-08-15,Photovoltaic,130.64
2024-08-15,Wind,17.68
2024-08-16,Biomass,40.21
2024-08-16,Geothermal,13.92
2024-08-16,Hydro,133.92
2024-08-16,Photovoltaic,123.91
2024-08-16,Wind,18.22
2024-08-17,Biomass,31.65
2024-08-17,Geothermal,13.92
2024-08-17,Hydro,137.09
2024-08-17,Photovoltaic,128.91
2024-08-17,Wind,26.69
2024-08-18,Biomass,27.9
2024-08-18,Geothermal,13.89
2024-08-18,Hydro,133.01
2024-08-18,Photovoltaic,89.61
2024-08-18,Wind,53.4
2024-08-19,Biomass,40.79
2024-08-19,Geothermal,13.78
2024-08-19,Hydro,132.88
2024-08-19,Photovoltaic,93.21
2024-08-19,Wind,42.44
2024-08-20,Biomass,45.18
2024-08-20,Geothermal,13.63
2024-08-20,Hydro,131.34
2024-08-20,Photovoltaic,124.29
2024-08-20,Wind,37.08
2024-08-21,Biomass,43.9
2024-08-21,Geothermal,13.58
2024-08-21,Hydro,134.2
2024-08-21,Photovoltaic,145.95
2024-08-21,Wind,34.9
2024-08-22,Biomass,44.87
2024-08-22,Geothermal,13.63
2024-08-22,Hydro,126.01
2024-08-22,Photovoltaic,146.93
2024-08-22,Wind,27.73
2024-08-23,Biomass,44.4
2024-08-23,Geothermal,13.63
2024-08-23,Hydro,133.41
2024-08-23,Photovoltaic,144.34
2024-08-23,Wind,8.75
2024-08-24,Biomass,38.69
2024-08-24,Geothermal,13.6
2024-08-24,Hydro,119.86
2024-08-24,Photovoltaic,147.72
2024-08-24,Wind,11.74
2024-08-25,Biomass,35.51
2024-08-25,Geothermal,13.78
2024-08-25,Hydro,114.77
2024-08-25,Photovoltaic,146.51
2024-08-25,Wind,32.82
2024-08-26,Biomass,48.62
2024-08-26,Geothermal,13.57
2024-08-26,Hydro,136.48
2024-08-26,Photovoltaic,131.2
2024-08-26,Wind,42.48
2024-08-27,Biomass,51.37
2024-08-27,Geothermal,13.55
2024-08-27,Hydro,134.18
2024-08-27,Photovoltaic,115.98
2024-08-27,Wind,30.35
2024-08-28,Biomass,53.19
2024-08-28,Geothermal,13.56
2024-08-28,Hydro,125.47
2024-08-28,Photovoltaic,129.42
2024-08-28,Wind,33.55
2024-08-29,Biomass,46.38
2024-08-29,Geothermal,13.56
2024-08-29,Hydro,120.91
2024-08-29,Photovoltaic,135.46
2024-08-29,Wind,34.9
2024-08-30,Biomass,45.94
2024-08-30,Geothermal,13.66
2024-08-30,Hydro,114.29
2024-08-30,Photovoltaic,143.85
2024-08-30,Wind,50.79
2024-08-31,Biomass,40.3
2024-08-31,Geothermal,13.68
2024-08-31,Hydro,106.36
2024-08-31,Photovoltaic,138.41
2024-08-31,Wind,47.03
2024-09-01,Biomass,31.57
2024-09-01,Geothermal,13.7
2024-09-01,Hydro,106.74
2024-09-01,Photovoltaic,134.52
2024-09-01,Wind,22.4
2024-09-02,Biomass,44.22
2024-09-02,Geothermal,13.75
2024-09-02,Hydro,134.52
2024-09-02,Photovoltaic,111.14
2024-09-02,Wind,12.81
2024-09-03,Biomass,48.83
2024-09-03,Geothermal,13.63
2024-09-03,Hydro,119.87
2024-09-03,Photovoltaic,122.77
2024-09-03,Wind,21.11
2024-09-04,Biomass,48.64
2024-09-04,Geothermal,13.26
2024-09-04,Hydro,125.92
2024-09-04,Photovoltaic,118.91
2024-09-04,Wind,24.69
2024-09-05,Biomass,46.52
2024-09-05,Geothermal,13.26
2024-09-05,Hydro,131.07
2024-09-05,Photovoltaic,80.39
2024-09-05,Wind,41.45
2024-09-06,Biomass,44.13
2024-09-06,Geothermal,14.37
2024-09-06,Hydro,135.98
2024-09-06,Photovoltaic,121.9
2024-09-06,Wind,23.24
2024-09-07,Biomass,32.94
2024-09-07,Geothermal,14.24
2024-09-07,Hydro,127.87
2024-09-07,Photovoltaic,133.88
2024-09-07,Wind,14.78
2024-09-08,Biomass,29.36
2024-09-08,Geothermal,14.03
2024-09-08,Hydro,130.01
2024-09-08,Photovoltaic,73.92
2024-09-08,Wind,33.46
2024-09-09,Biomass,44.74
2024-09-09,Geothermal,13.78
2024-09-09,Hydro,159.14
2024-09-09,Photovoltaic,115.6
2024-09-09,Wind,121.29
2024-09-10,Biomass,48.84
2024-09-10,Geothermal,13.51
2024-09-10,Hydro,170.72
2024-09-10,Photovoltaic,138.09
2024-09-10,Wind,121.57
2024-09-11,Biomass,49.8
2024-09-11,Geothermal,13.68
2024-09-11,Hydro,160.58
2024-09-11,Photovoltaic,128.26
2024-09-11,Wind,42.69
2024-09-12,Biomass,46.42
2024-09-12,Geothermal,13.73
2024-09-12,Hydro,158.15
2024-09-12,Photovoltaic,75.0
2024-09-12,Wind,111.2
2024-09-13,Biomass,41.0
2024-09-13,Geothermal,14.07
2024-09-13,Hydro,152.04
2024-09-13,Photovoltaic,104.72
2024-09-13,Wind,165.51
2024-09-14,Biomass,30.3
2024-09-14,Geothermal,14.46
2024-09-14,Hydro,140.51
2024-09-14,Photovoltaic,120.52
2024-09-14,Wind,67.2
2024-09-15,Biomass,26.38
2024-09-15,Geothermal,14.16
2024-09-15,Hydro,132.83
2024-09-15,Photovoltaic,120.74
2024-09-15,Wind,38.65
2024-09-16,Biomass,39.28
2024-09-16,Geothermal,14.1
2024-09-16,Hydro,131.29
2024-09-16,Photovoltaic,107.41
2024-09-16,Wind,18.22
2024-09-17,Biomass,46.88
2024-09-17,Geothermal,13.85
2024-09-17,Hydro,119.84
2024-09-17,Photovoltaic,65.46
2024-09-17,Wind,35.4
2024-09-18,Biomass,45.9
2024-09-18,Geothermal,14.47
2024-09-18,Hydro,113.89
2024-09-18,Photovoltaic,77.18
2024-09-18,Wind,15.92
2024-09-19,Biomass,40.16
2024-09-19,Geothermal,14.57
2024-09-19,Hydro,120.32
2024-09-19,Photovoltaic,85.72
2024-09-19,Wind,18.92
2024-09-20,Biomass,41.26
2024-09-20,Geothermal,14.5
2024-09-20,Hydro,125.39
2024-09-20,Photovoltaic,102.13
2024-09-20,Wind,23.06
2024-09-21,Biomass,32.56
2024-09-21,Geothermal,14.46
2024-09-21,Hydro,102.96
2024-09-21,Photovoltaic,122.51
2024-09-21,Wind,22.34
2024-09-22,Biomass,26.53
2024-09-22,Geothermal,14.4
2024-09-22,Hydro,97.05
2024-09-22,Photovoltaic,98.59
2024-09-22,Wind,14.97
2024-09-23,Biomass,37.45
2024-09-23,Geothermal,14.32
2024-09-23,Hydro,112.66
2024-09-23,Photovoltaic,73.71
2024-09-23,Wind,24.99
2024-09-24,Biomass,38.37
2024-09-24,Geothermal,14.24
2024-09-24,Hydro,109.83
2024-09-24,Photovoltaic,104.85
2024-09-24,Wind,76.1
2024-09-25,Biomass,41.51
2024-09-25,Geothermal,14.15
2024-09-25,Hydro,118.02
2024-09-25,Photovoltaic,100.2
2024-09-25,Wind,58.98